"","MSACC","year","houseid","income","race","hispanic","reported","serious"
"246",21,"1979",1,98,1,1,2,64
"516",6,"1979",4,1,1,1,2,64
"543",12,"1979",3,2,1,1,2,68
"544",12,"1979",3,2,1,1,2,68
"893",15,"1979",2,4,1,1,2,60
"898",15,"1979",1,2,1,1,2,65
"1082",39,"1979",1,2,1,1,2,65
"1083",39,"1979",1,2,1,1,2,65
"1645",34,"1979",5,1,1,1,2,62
"1647",34,"1979",5,1,1,1,2,65
"1648",34,"1979",5,1,1,1,2,68
"1806",17,"1979",2,2,1,1,2,65
"1856",21,"1979",1,2,1,1,2,64
"2157",6,"1979",2,98,1,1,2,64
"2158",6,"1979",2,98,1,1,2,64
"2845",31,"1979",1,98,1,1,2,65
"3014",17,"1979",2,4,1,1,2,67
"3047",17,"1979",2,3,1,1,2,64
"3086",21,"1979",1,3,1,1,2,64
"3652",21,"1979",1,1,1,1,2,64
"3785",21,"1979",2,1,1,1,2,64
"4486",6,"1979",2,1,1,1,2,65
"4490",6,"1979",2,1,1,1,2,62
"4509",6,"1979",1,2,1,1,2,65
"4541",6,"1979",1,98,1,1,2,67
"4542",6,"1979",1,98,1,1,2,67
"4543",6,"1979",1,98,1,1,2,67
"4585",6,"1979",2,98,1,1,2,62
"5024",9,"1979",2,1,1,1,2,68
"5373",18,"1979",3,2,1,1,2,68
"5375",18,"1979",2,1,1,1,2,68
"5526",10,"1979",1,3,1,1,2,68
"6245",33,"1979",1,3,1,1,2,65
"6254",33,"1979",1,2,1,1,2,65
"6257",33,"1979",1,2,1,1,2,65
"6259",33,"1979",1,1,1,1,2,65
"6744",11,"1979",1,2,1,1,2,68
"6909",29,"1979",3,1,1,1,2,65
"7090",17,"1979",2,1,1,1,2,62
"7091",17,"1979",2,1,1,1,2,65
"7094",17,"1979",2,1,1,1,2,65
"7096",17,"1979",1,2,1,1,2,65
"7317",24,"1979",1,5,1,1,2,67
"7377",35,"1979",1,2,1,1,2,65
"7378",35,"1979",1,2,1,1,2,68
"7379",35,"1979",1,2,1,1,2,68
"7421",30,"1979",1,3,1,1,2,68
"7514",30,"1979",1,3,1,1,2,68
"7953",34,"1979",2,1,1,1,2,60
"8074",34,"1979",2,2,1,1,2,67
"8089",34,"1979",1,3,1,1,2,68
"8410",1,"1979",1,4,1,1,2,65
"8471",17,"1979",2,2,1,1,2,65
"8520",17,"1979",1,98,1,1,2,68
"8559",17,"1979",1,3,1,1,2,68
"8581",17,"1979",2,2,1,1,2,68
"9223",21,"1979",1,1,1,1,2,64
"9283",21,"1979",1,3,1,1,2,65
"9405",20,"1979",4,2,1,1,2,63
"9830",6,"1979",1,3,1,1,2,64
"9831",6,"1979",1,3,1,1,2,63
"10040",12,"1979",1,3,1,1,2,68
"10041",12,"1979",1,3,1,1,2,68
"10524",10,"1979",1,5,1,1,2,68
"10711",15,"1979",1,3,1,1,2,65
"10942",33,"1979",1,3,1,1,2,68
"10956",33,"1979",1,5,1,1,2,68
"10963",33,"1979",1,3,1,1,2,67
"10967",33,"1979",1,1,1,1,2,68
"11507",17,"1979",3,2,1,1,2,63
"11549",17,"1979",3,1,1,1,2,64
"11551",17,"1979",4,1,1,1,2,64
"11827",30,"1979",1,1,1,1,2,68
"11931",31,"1979",0,2,1,1,2,68
"11932",31,"1979",0,2,1,1,2,67
"12142",34,"1979",1,98,1,1,2,63
"12570",17,"1979",1,2,1,1,2,63
"12665",21,"1980",2,2,1,1,2,64
"12689",21,"1980",3,5,1,1,2,68
"12718",21,"1980",1,3,1,1,2,64
"13382",21,"1980",1,3,1,1,2,64
"13482",21,"1980",2,1,1,1,2,64
"13796",22,"1980",1,5,1,1,2,63
"14522",6,"1980",2,98,1,1,2,64
"14578",6,"1980",2,3,1,1,2,68
"14608",6,"1980",2,98,1,1,2,65
"14611",6,"1980",1,2,1,1,2,65
"15420",14,"1980",1,3,1,1,2,68
"16163",33,"1980",1,2,1,1,2,64
"16189",33,"1980",2,2,1,1,2,68
"16214",33,"1980",1,1,1,1,2,68
"16216",33,"1980",1,2,1,1,2,68
"16349",39,"1980",1,3,1,1,2,64
"16982",17,"1980",1,2,1,1,2,64
"17022",17,"1980",3,98,1,1,2,64
"17078",17,"1980",3,1,1,1,2,65
"17236",24,"1980",2,98,1,1,2,64
"17414",35,"1980",3,3,1,1,2,68
"17416",35,"1980",3,3,1,1,2,68
"17701",31,"1980",3,2,1,1,2,68
"17853",37,"1980",2,1,1,1,2,65
"17854",37,"1980",2,1,1,1,2,68
"18182",34,"1980",1,1,1,1,2,68
"18208",34,"1980",2,1,1,1,2,68
"18376",1,"1980",1,2,1,1,2,68
"18377",1,"1980",1,2,1,1,2,68
"18398",1,"1980",1,5,1,1,2,67
"18479",1,"1980",1,4,1,1,2,68
"18480",1,"1980",1,4,1,1,2,68
"18572",17,"1980",1,1,1,1,2,65
"18585",17,"1980",1,3,1,1,2,64
"18586",17,"1980",1,3,1,1,2,64
"18587",17,"1980",1,3,1,1,2,64
"18714",17,"1980",3,2,1,1,2,64
"18715",17,"1980",3,2,1,1,2,62
"18719",17,"1980",3,98,1,1,2,68
"18734",17,"1980",2,98,1,1,2,64
"18736",17,"1980",2,98,1,1,2,68
"18782",17,"1980",1,3,1,1,2,65
"18896",21,"1980",1,1,1,1,2,65
"18916",21,"1980",1,98,1,1,2,64
"19142",26,"1980",1,1,1,1,2,64
"19545",21,"1980",1,2,1,1,2,64
"19619",21,"1980",1,1,1,1,2,64
"19624",21,"1980",1,1,1,1,2,65
"19625",21,"1980",1,1,1,1,2,68
"19626",21,"1980",1,1,1,1,2,63
"19631",21,"1980",0,1,1,1,2,67
"20468",6,"1980",1,5,1,1,2,65
"20474",6,"1980",2,1,1,1,2,64
"20552",6,"1980",1,3,1,1,2,64
"20593",6,"1980",2,1,1,1,2,65
"20594",6,"1980",2,1,1,1,2,65
"20596",6,"1980",2,1,1,1,2,65
"20598",6,"1980",2,2,1,1,2,65
"20627",6,"1980",1,3,1,1,2,64
"21338",6,"1980",2,98,1,1,2,68
"21427",18,"1980",2,3,1,1,2,64
"21527",10,"1980",2,3,1,1,2,68
"21591",10,"1980",2,98,1,1,2,65
"21603",10,"1980",1,5,1,1,2,67
"21867",15,"1980",3,1,1,1,2,65
"21947",15,"1980",1,2,1,1,2,65
"22213",33,"1980",1,3,1,1,2,65
"22214",33,"1980",1,3,1,1,2,68
"22215",33,"1980",1,3,1,1,2,68
"22267",33,"1980",1,1,1,1,2,64
"22943",17,"1980",1,2,1,1,2,64
"22966",17,"1980",1,3,1,1,2,65
"22967",17,"1980",1,3,1,1,2,68
"23073",17,"1980",2,2,1,1,2,64
"23292",35,"1980",1,2,1,1,2,67
"23293",35,"1980",1,2,1,1,2,68
"23327",35,"1980",1,98,1,1,2,68
"23339",24,"1980",1,3,1,1,2,65
"23359",24,"1980",2,1,1,1,2,68
"23360",24,"1980",2,1,1,1,2,64
"23361",24,"1980",2,1,1,1,2,64
"23392",35,"1980",1,2,1,1,2,68
"23393",35,"1980",1,2,1,1,2,64
"23483",30,"1980",2,2,1,1,2,64
"23493",30,"1980",2,2,1,1,2,65
"23494",30,"1980",2,2,1,1,2,64
"23542",31,"1980",3,1,1,1,2,68
"23543",31,"1980",3,1,1,1,2,68
"23544",31,"1980",3,1,1,1,2,65
"23978",34,"1980",1,3,1,1,2,68
"24135",27,"1980",4,98,1,1,2,68
"24306",1,"1980",3,2,1,1,2,67
"24448",17,"1980",1,1,1,1,2,65
"24504",17,"1980",1,2,1,1,2,68
"24505",17,"1980",1,2,1,1,2,65
"24925",6,"1980",1,3,1,1,2,67
"25106",24,"1980",1,4,1,1,2,68
"25172",34,"1980",1,3,1,1,2,68
"25173",34,"1980",1,3,1,1,2,68
"25207",1,"1980",1,98,1,1,2,62
"25219",1,"1980",1,3,1,1,2,65
"25332",21,"1980",1,2,1,1,2,64
"25333",21,"1980",1,2,1,1,2,64
"25340",20,"1980",1,5,1,1,2,63
"25663",17,"1980",1,1,1,1,2,68
"25692",35,"1980",1,3,1,1,2,64
"26333",21,"1981",1,1,1,1,2,63
"26920",6,"1981",1,98,1,1,2,65
"27542",14,"1981",1,3,1,1,2,68
"27622",10,"1981",1,5,1,1,2,64
"28103",33,"1981",1,2,1,1,2,67
"28372",11,"1981",2,3,1,1,2,68
"28380",11,"1981",1,2,1,1,2,67
"28526",17,"1981",3,1,1,1,2,64
"28569",17,"1981",2,1,1,1,2,64
"28570",17,"1981",2,1,1,1,2,64
"28572",17,"1981",2,1,1,1,2,64
"28575",17,"1981",3,98,1,1,2,64
"28577",17,"1981",3,98,1,1,2,62
"28604",17,"1981",3,1,1,1,2,60
"28607",17,"1981",3,98,1,1,2,64
"28664",35,"1981",2,2,1,1,2,68
"28669",24,"1981",2,98,1,1,2,68
"28893",30,"1981",1,3,1,1,2,65
"28894",30,"1981",1,3,1,1,2,65
"29262",34,"1981",2,1,1,1,2,68
"29372",1,"1981",1,5,1,1,2,67
"29426",1,"1981",1,4,1,1,2,65
"29427",1,"1981",1,4,1,1,2,68
"29503",17,"1981",2,3,1,1,2,68
"29506",17,"1981",1,3,1,1,2,65
"29692",21,"1981",2,3,1,1,2,64
"30198",21,"1981",1,1,2,1,2,64
"30275",21,"1981",1,1,1,1,2,64
"30322",21,"1981",2,2,1,1,2,63
"30323",21,"1981",2,2,1,1,2,63
"30777",6,"1981",1,4,1,1,2,64
"30778",6,"1981",1,4,1,1,2,68
"30865",6,"1981",3,6,1,1,2,64
"31708",23,"1981",2,2,1,1,2,68
"31873",15,"1981",1,2,1,1,2,65
"31874",15,"1981",1,2,1,1,2,68
"32046",33,"1981",1,2,1,1,2,63
"32082",33,"1981",2,1,1,1,2,65
"32085",33,"1981",1,1,1,1,2,67
"32543",17,"1981",1,1,1,1,2,64
"32550",17,"1981",1,3,1,1,2,65
"32772",35,"1981",1,2,1,1,2,68
"32828",24,"1981",2,1,1,1,2,65
"32831",24,"1981",2,1,1,1,2,68
"33073",36,"1981",3,2,1,1,2,62
"33536",17,"1981",1,2,1,1,2,65
"33540",17,"1981",1,2,1,1,2,64
"33575",17,"1981",1,2,1,1,2,64
"33578",17,"1981",1,2,1,1,2,64
"33579",17,"1981",1,2,1,1,2,65
"33582",17,"1981",1,3,1,1,2,65
"33701",21,"1981",1,1,1,1,2,60
"34018",21,"1981",1,3,1,1,2,64
"34072",21,"1981",2,1,1,1,2,64
"34082",21,"1981",1,2,1,1,2,64
"34095",21,"1981",1,4,1,1,2,67
"34096",21,"1981",1,4,1,1,2,68
"34174",21,"1981",1,2,1,1,2,68
"34256",22,"1981",1,1,1,1,2,67
"34473",6,"1981",1,2,1,1,2,68
"34499",6,"1981",1,98,1,1,2,68
"34507",6,"1981",1,98,1,1,2,63
"34508",6,"1981",1,98,1,1,2,68
"34514",6,"1981",2,1,1,1,2,64
"34515",6,"1981",2,1,1,1,2,65
"34532",6,"1981",2,98,1,1,2,65
"34932",6,"1981",1,3,1,1,2,68
"35019",18,"1981",1,3,1,1,2,68
"35104",10,"1981",1,2,1,1,2,65
"35113",10,"1981",1,3,1,1,2,68
"35246",15,"1981",2,1,2,1,2,63
"35284",15,"1981",1,2,1,1,2,64
"35441",33,"1981",1,4,1,1,2,68
"35687",11,"1981",1,1,1,1,2,64
"35855",17,"1981",1,98,1,1,2,64
"36000",24,"1981",2,1,2,1,2,64
"36001",24,"1981",2,1,2,1,2,64
"36031",24,"1981",1,98,1,1,2,67
"36041",24,"1981",1,5,1,1,2,68
"36225",31,"1981",2,1,1,1,2,68
"36237",31,"1981",1,1,1,1,2,68
"36389",34,"1981",1,2,1,1,2,68
"36426",34,"1981",1,1,1,1,2,68
"36621",17,"1981",1,98,1,1,2,65
"36639",17,"1981",2,2,1,1,2,65
"37114",21,"1981",2,1,1,1,2,65
"37266",22,"1981",2,2,1,1,2,64
"37292",22,"1981",1,1,1,1,2,62
"37523",6,"1981",1,3,1,1,2,64
"37524",6,"1981",1,2,1,1,2,63
"37599",6,"1981",2,98,1,1,2,63
"37652",12,"1981",2,1,1,1,2,65
"37653",12,"1981",2,1,1,1,2,65
"37984",14,"1981",2,2,1,1,2,65
"38236",15,"1981",1,2,1,1,2,68
"38238",15,"1981",1,2,1,1,2,67
"38725",17,"1981",1,2,1,1,2,62
"38769",17,"1981",1,1,1,1,2,68
"38806",17,"1981",1,2,1,1,2,64
"38827",17,"1981",1,3,1,1,2,68
"38881",35,"1981",1,2,1,1,2,67
"38931",24,"1981",2,1,1,1,2,65
"38933",24,"1981",2,1,1,1,2,65
"38936",24,"1981",1,2,1,1,2,68
"39001",35,"1981",1,98,1,1,2,63
"39340",34,"1981",1,98,1,1,2,64
"39472",1,"1981",1,4,1,1,2,67
"39485",1,"1981",1,2,1,1,2,64
"39553",17,"1981",1,1,1,1,2,68
"39921",21,"1982",1,2,1,1,2,64
"39989",21,"1982",1,2,1,1,2,64
"40040",22,"1982",2,2,1,1,2,63
"40041",22,"1982",4,1,1,1,2,65
"40549",15,"1982",3,2,1,1,2,64
"40697",33,"1982",1,4,1,1,2,68
"40739",39,"1982",1,3,1,1,2,67
"40855",17,"1982",1,98,1,1,2,68
"40940",24,"1982",3,5,1,1,2,68
"41211",1,"1982",3,2,1,1,2,68
"41251",1,"1982",0,4,1,1,2,68
"41348",21,"1982",1,3,1,1,2,64
"41521",21,"1982",2,2,2,1,2,68
"41553",21,"1982",2,1,1,1,2,60
"41790",6,"1982",2,2,1,1,2,63
"41801",6,"1982",2,2,1,1,2,64
"41802",6,"1982",2,2,1,1,2,64
"42093",18,"1982",3,2,1,1,2,64
"42321",33,"1982",1,1,1,1,2,64
"42442",11,"1982",5,1,1,1,2,63
"42853",34,"1982",1,1,1,1,2,65
"43053",21,"1982",1,1,1,1,2,64
"43058",21,"1982",1,2,1,1,2,64
"43063",21,"1982",1,2,1,1,2,64
"43415",21,"1982",1,2,1,1,2,68
"43435",21,"1982",1,3,1,1,2,65
"43533",21,"1982",1,2,1,1,2,62
"43543",21,"1982",2,1,1,1,2,62
"43560",21,"1982",2,1,1,1,2,64
"43593",21,"1982",1,1,1,1,2,65
"43638",21,"1982",2,2,1,1,2,68
"43639",21,"1982",2,2,1,1,2,68
"43957",22,"1982",3,3,1,1,2,65
"44429",6,"1982",2,2,1,1,2,64
"44431",6,"1982",2,2,1,1,2,64
"44480",6,"1982",1,1,1,1,2,68
"44487",6,"1982",2,98,1,1,2,64
"45046",6,"1982",1,3,1,1,2,68
"45047",6,"1982",1,3,1,1,2,65
"45182",12,"1982",2,3,1,1,2,68
"45183",12,"1982",2,3,1,1,2,68
"45673",15,"1982",1,2,1,1,2,64
"45674",15,"1982",1,2,1,1,2,68
"45700",15,"1982",1,3,1,1,2,65
"45961",33,"1982",4,2,1,1,2,65
"46430",11,"1982",2,2,1,1,2,64
"46656",17,"1982",1,2,1,1,2,64
"46754",17,"1982",1,1,1,1,2,64
"46773",17,"1982",2,2,1,1,2,64
"46778",17,"1982",1,2,1,1,2,64
"46822",24,"1982",2,2,1,1,2,67
"46880",24,"1982",5,98,1,1,2,64
"46881",24,"1982",2,1,1,1,2,68
"46973",35,"1982",1,3,1,1,2,65
"47007",35,"1982",1,5,1,1,2,68
"47232",36,"1982",3,98,1,1,2,68
"47234",36,"1982",3,98,1,1,2,65
"47472",34,"1982",1,4,1,1,2,68
"47525",34,"1982",3,1,1,1,2,60
"47526",34,"1982",3,1,1,1,2,65
"47606",34,"1982",3,2,1,1,2,68
"47610",34,"1982",1,3,1,1,2,65
"47897",17,"1982",1,3,1,1,2,68
"47906",17,"1982",1,2,1,1,2,68
"47908",17,"1982",1,2,1,1,2,65
"47910",17,"1982",1,2,1,1,2,68
"48069",17,"1982",1,1,1,1,2,65
"48618",26,"1982",1,2,1,1,2,65
"48685",21,"1982",1,2,1,1,2,68
"48687",21,"1982",2,2,1,1,2,64
"48688",21,"1982",2,2,1,1,2,64
"48698",21,"1982",1,1,1,1,2,64
"48761",21,"1982",3,1,1,1,2,67
"48762",21,"1982",3,1,1,1,2,67
"48764",21,"1982",1,2,1,1,2,68
"48765",21,"1982",1,2,1,1,2,65
"48767",21,"1982",1,1,1,1,2,64
"48840",21,"1982",2,3,2,1,2,64
"48892",21,"1982",1,2,1,1,2,67
"49501",6,"1982",1,98,1,1,2,68
"49511",6,"1982",1,3,1,1,2,65
"49638",6,"1982",2,2,1,1,2,65
"49697",12,"1982",1,3,1,1,2,67
"50803",15,"1982",3,3,1,1,2,68
"51033",33,"1982",1,6,1,1,2,68
"51621",17,"1982",1,1,1,1,2,67
"51693",17,"1982",2,3,1,1,2,64
"51799",17,"1982",1,2,1,1,2,63
"52093",30,"1982",1,3,1,1,2,65
"52119",30,"1982",1,3,1,1,2,65
"52642",27,"1982",1,1,1,1,2,68
"52726",1,"1982",1,1,1,1,2,67
"52867",17,"1982",1,98,1,1,2,68
"52904",17,"1982",1,3,1,1,2,67
"53017",17,"1982",1,2,1,1,2,64
"53038",17,"1982",1,1,1,1,2,68
"53201",21,"1983",1,1,1,1,2,62
"53657",21,"1983",1,1,1,1,2,68
"53793",21,"1983",2,1,1,1,2,65
"53884",21,"1983",2,98,1,1,2,62
"53917",21,"1983",1,1,1,1,2,64
"53924",20,"1983",1,6,1,1,2,64
"54122",22,"1983",2,3,1,1,2,68
"54566",6,"1983",1,3,1,1,2,68
"54646",6,"1983",1,2,1,1,2,65
"55181",7,"1983",1,3,4,1,2,68
"55428",18,"1983",1,1,1,1,2,64
"55599",10,"1983",1,2,1,1,2,68
"55853",15,"1983",2,3,1,1,2,64
"55887",15,"1983",3,2,1,1,2,64
"55971",15,"1983",1,1,1,1,2,62
"55976",15,"1983",1,2,1,1,2,65
"56009",15,"1983",1,5,1,1,2,68
"56014",15,"1983",2,98,1,1,2,64
"56161",39,"1983",1,3,2,1,2,64
"56227",33,"1983",1,1,1,1,2,67
"56734",11,"1983",1,1,1,1,2,68
"56967",17,"1983",1,3,1,1,2,64
"56999",17,"1983",3,98,1,1,2,68
"57026",17,"1983",1,3,1,1,2,63
"57040",17,"1983",1,2,1,1,2,64
"57059",17,"1983",1,6,1,1,2,64
"57141",17,"1983",2,2,1,1,2,65
"57147",17,"1983",1,3,1,1,2,63
"57246",35,"1983",2,3,1,1,2,65
"57248",35,"1983",2,1,1,1,2,68
"57361",35,"1983",1,98,1,1,2,67
"57663",31,"1983",1,1,1,1,2,65
"57714",36,"1983",1,1,1,1,2,62
"57756",36,"1983",1,3,1,1,2,68
"57784",36,"1983",1,2,1,1,2,64
"58052",34,"1983",1,5,1,1,2,65
"58090",34,"1983",3,3,1,1,2,68
"58143",34,"1983",2,2,1,1,2,65
"58257",1,"1983",1,2,1,1,2,60
"58415",17,"1983",2,1,1,1,2,64
"58527",17,"1983",1,5,1,1,2,68
"58528",17,"1983",1,5,1,1,2,68
"58529",17,"1983",1,5,1,1,2,68
"58530",17,"1983",1,3,1,1,2,68
"58541",17,"1983",1,5,1,1,2,64
"58542",17,"1983",1,5,1,1,2,68
"58543",17,"1983",1,5,1,1,2,68
"58760",21,"1983",1,2,1,1,2,64
"58761",21,"1983",1,2,1,1,2,64
"58810",21,"1983",1,5,1,1,2,64
"59263",21,"1983",1,2,1,1,2,67
"59264",21,"1983",1,1,1,1,2,64
"59309",21,"1983",1,2,1,1,2,68
"59321",21,"1983",1,1,1,1,2,68
"59325",21,"1983",2,2,1,1,2,65
"59326",21,"1983",3,1,1,1,2,64
"59327",21,"1983",3,1,1,1,2,64
"59345",21,"1983",1,3,1,1,2,64
"59347",21,"1983",1,3,1,1,2,64
"59397",21,"1983",1,2,1,1,2,65
"59427",21,"1983",1,1,1,1,2,65
"60140",6,"1983",3,98,1,1,2,67
"60141",6,"1983",3,98,1,1,2,68
"60142",6,"1983",3,98,1,1,2,68
"60143",6,"1983",3,98,1,1,2,68
"60179",6,"1983",1,2,1,1,2,64
"60188",6,"1983",1,5,1,1,2,68
"60226",6,"1983",1,98,1,1,2,65
"60996",6,"1983",1,98,1,1,2,67
"61208",10,"1983",2,1,1,1,2,68
"61539",15,"1983",1,98,1,1,2,65
"61637",15,"1983",4,4,1,1,2,68
"61638",15,"1983",4,4,1,1,2,64
"61639",15,"1983",4,4,1,1,2,68
"61650",15,"1983",1,2,1,1,2,65
"61859",33,"1983",1,2,1,1,2,68
"62163",38,"1983",1,5,1,1,2,65
"62417",29,"1983",2,1,1,1,2,67
"62518",17,"1983",1,3,1,1,2,67
"62579",17,"1983",1,2,1,1,2,68
"62614",17,"1983",2,98,1,1,2,65
"62666",17,"1983",1,3,1,1,2,64
"62667",17,"1983",1,4,1,1,2,64
"62796",35,"1983",1,2,1,1,2,67
"62841",35,"1983",1,2,3,1,2,67
"62965",35,"1983",1,4,1,1,2,67
"63165",31,"1983",2,2,1,1,2,68
"63526",34,"1983",2,1,4,1,2,64
"63527",34,"1983",2,1,4,1,2,68
"63528",34,"1983",2,1,4,1,2,68
"63531",34,"1983",2,1,1,1,2,62
"63805",1,"1983",2,2,1,1,2,64
"63966",17,"1983",1,2,1,1,2,68
"63968",17,"1983",1,3,1,1,2,64
"63969",17,"1983",1,3,1,1,2,65
"64010",17,"1983",1,98,1,1,2,68
"64011",17,"1983",1,98,1,1,2,68
"64016",17,"1983",1,4,1,1,2,67
"64076",17,"1983",3,98,1,1,2,64
"64106",17,"1983",1,1,1,1,2,68
"64107",17,"1983",1,1,1,1,2,68
"64161",17,"1983",2,3,1,1,2,67
"64259",21,"1983",1,2,1,1,2,68
"64790",17,"1983",1,2,1,1,2,63
"65188",17,"1983",1,2,1,1,2,64
"65318",17,"1983",1,3,1,1,2,67
"65319",17,"1983",1,3,1,1,2,68
"65348",21,"1984",2,1,1,1,2,64
"65745",20,"1984",2,1,1,1,2,60
"66067",8,"1984",2,1,1,1,2,65
"66069",8,"1984",2,1,1,1,2,68
"66071",8,"1984",3,2,1,1,2,68
"66110",6,"1984",3,98,1,1,2,63
"66172",6,"1984",3,98,1,1,2,68
"66609",14,"1984",5,98,1,1,2,64
"66638",14,"1984",2,98,1,1,2,63
"66681",10,"1984",1,2,1,1,2,68
"66831",15,"1984",3,1,1,1,2,65
"66897",15,"1984",1,5,1,1,2,68
"67287",15,"1984",2,1,1,1,2,68
"67288",15,"1984",2,1,1,1,2,68
"67339",11,"1984",3,2,1,1,2,65
"67347",11,"1984",3,2,1,1,2,63
"67529",17,"1984",1,1,1,1,2,64
"67660",35,"1984",1,98,1,1,2,68
"67703",24,"1984",2,1,1,1,2,65
"68106",1,"1984",3,2,1,1,2,65
"68155",17,"1984",1,4,1,1,2,67
"68158",17,"1984",1,5,1,1,2,67
"68159",17,"1984",1,5,1,1,2,67
"68263",17,"1984",1,2,1,1,2,67
"68272",17,"1984",2,1,1,1,2,65
"68373",21,"1984",1,5,1,1,2,63
"68635",21,"1984",3,3,1,1,2,64
"69037",6,"1984",1,3,1,1,2,64
"69096",6,"1984",1,98,1,1,2,60
"69517",6,"1984",1,98,1,1,2,67
"69551",18,"1984",1,3,1,1,2,67
"69658",10,"1984",1,1,1,1,2,68
"69927",33,"1984",4,1,1,1,2,64
"70265",17,"1984",1,1,1,1,2,64
"70319",17,"1984",2,98,1,1,2,64
"70333",17,"1984",4,1,1,1,2,65
"70425",35,"1984",2,98,1,1,2,64
"70437",24,"1984",4,1,1,1,2,68
"70644",31,"1984",1,3,1,1,2,68
"70661",36,"1984",1,5,1,1,2,64
"70662",36,"1984",1,5,1,1,2,65
"70706",36,"1984",2,6,1,1,2,68
"70995",1,"1984",2,3,1,1,2,68
"71066",17,"1984",3,2,1,1,2,68
"71081",17,"1984",1,3,1,1,2,68
"71122",17,"1984",1,5,1,1,2,65
"71204",21,"1984",1,1,1,1,2,63
"71225",21,"1984",1,1,1,1,2,64
"71226",21,"1984",1,1,1,1,2,68
"71429",21,"1984",1,3,1,1,2,68
"71438",21,"1984",1,1,1,1,2,65
"71447",21,"1984",1,1,1,1,2,64
"71583",22,"1984",1,98,1,1,2,64
"71764",6,"1984",1,1,1,1,2,63
"71781",6,"1984",1,2,1,1,2,64
"72371",15,"1984",1,4,1,1,2,65
"72466",33,"1984",1,3,1,1,2,68
"72467",33,"1984",1,2,1,1,2,63
"72490",33,"1984",1,1,1,1,2,67
"72492",33,"1984",1,1,1,1,2,65
"72493",33,"1984",1,1,1,1,2,67
"72494",33,"1984",1,3,1,1,2,65
"72496",33,"1984",1,98,1,1,2,65
"72500",33,"1984",1,4,1,1,2,68
"72667",40,"1984",2,1,1,1,2,64
"72668",40,"1984",2,1,1,1,2,67
"72830",35,"1984",1,98,1,1,2,65
"72831",35,"1984",1,98,1,1,2,65
"73273",17,"1984",1,98,1,1,2,64
"73321",13,"1984",1,98,1,1,2,68
"73366",21,"1984",1,3,1,1,2,68
"73733",22,"1984",2,1,1,1,2,63
"73970",6,"1984",1,3,1,1,2,63
"74246",18,"1984",2,2,1,1,2,68
"74247",18,"1984",2,2,1,1,2,68
"74257",18,"1984",1,3,1,1,2,63
"74496",15,"1984",1,98,1,1,2,67
"74505",15,"1984",1,98,1,1,2,65
"74674",39,"1984",1,2,2,1,2,68
"74907",17,"1984",1,2,1,1,2,67
"74911",17,"1984",1,2,1,1,2,64
"74917",17,"1984",1,2,1,1,2,64
"74976",24,"1984",1,3,1,1,2,68
"75009",24,"1984",1,3,1,1,2,68
"75135",36,"1984",1,3,1,1,2,65
"75136",36,"1984",1,3,1,1,2,64
"75159",36,"1984",1,1,1,1,2,68
"75273",34,"1984",1,3,1,1,2,64
"75274",34,"1984",1,3,1,1,2,64
"75418",17,"1984",1,5,1,1,2,64
"75419",17,"1984",1,2,1,1,2,64
"75420",17,"1984",1,2,1,1,2,64
"75421",17,"1984",1,2,1,1,2,68
"75514",17,"1984",1,2,1,1,2,67
"75520",17,"1984",1,1,1,1,2,64
"75533",17,"1984",1,2,1,1,2,64
"75539",17,"1984",1,1,1,1,2,65
"75547",13,"1984",1,3,1,1,2,67
"75684",21,"1985",4,98,1,1,2,64
"75781",8,"1985",3,2,1,1,2,67
"75930",6,"1985",2,1,2,1,2,65
"75931",6,"1985",2,1,2,1,2,65
"76279",35,"1985",4,2,1,1,2,68
"76621",21,"1985",2,2,1,1,2,68
"76699",16,"1985",4,98,1,1,2,65
"76700",16,"1985",4,98,1,1,2,65
"77141",33,"1985",2,98,1,1,2,68
"77142",33,"1985",2,98,1,1,2,68
"77143",33,"1985",2,98,1,1,2,67
"77327",24,"1985",3,1,1,1,2,64
"77328",24,"1985",3,1,1,1,2,68
"77398",31,"1985",1,3,1,1,2,68
"77405",36,"1985",1,5,1,1,2,62
"77407",36,"1985",1,5,1,1,2,65
"77409",36,"1985",1,5,1,1,2,62
"77411",36,"1985",1,5,1,1,2,62
"77415",36,"1985",1,5,1,1,2,65
"77567",17,"1985",1,6,1,1,2,68
"77680",26,"1985",4,4,1,1,2,68
"77894",21,"1985",1,98,1,1,2,68
"77900",21,"1985",2,4,1,1,2,68
"78004",20,"1985",1,2,1,1,2,68
"78299",8,"1985",1,1,1,1,2,64
"78381",6,"1985",2,1,1,1,2,64
"79073",15,"1985",1,2,1,1,2,64
"79074",15,"1985",1,2,1,1,2,68
"79075",15,"1985",1,2,1,1,2,68
"79076",15,"1985",1,2,1,1,2,68
"79324",39,"1985",1,98,1,1,2,68
"79694",17,"1985",2,2,1,1,2,65
"79735",17,"1985",1,5,1,1,2,64
"79779",17,"1985",2,1,1,1,2,64
"79781",17,"1985",2,1,1,1,2,64
"80066",36,"1985",2,3,1,1,2,64
"80105",36,"1985",1,4,4,1,2,68
"80167",37,"1985",3,2,1,1,2,68
"80265",34,"1985",2,4,1,1,2,68
"80383",27,"1985",1,3,1,1,2,68
"80477",17,"1985",1,2,1,1,2,64
"80493",17,"1985",2,3,1,1,2,68
"80536",17,"1985",1,2,1,1,2,65
"80560",17,"1985",1,5,1,1,2,68
"80899",21,"1985",2,98,2,1,2,64
"80927",21,"1985",3,3,1,1,2,64
"81041",22,"1985",3,1,2,1,2,64
"81042",22,"1985",3,1,2,1,2,68
"81180",19,"1985",1,1,1,1,2,68
"81181",19,"1985",1,1,1,1,2,62
"81922",10,"1985",1,2,1,1,2,68
"82263",33,"1985",1,1,1,1,2,68
"82738",17,"1985",3,2,1,1,2,68
"82782",17,"1985",3,2,1,1,2,64
"82791",17,"1985",1,2,1,1,2,68
"83033",31,"1985",1,5,1,1,2,65
"83034",31,"1985",1,5,1,1,2,68
"83090",36,"1985",1,5,1,1,2,68
"83254",34,"1985",1,98,1,1,2,65
"83432",17,"1985",1,5,1,1,2,68
"83471",17,"1985",4,5,1,1,2,65
"83507",17,"1985",2,2,1,1,2,68
"83518",17,"1985",1,4,1,1,2,68
"83590",17,"1985",1,1,1,1,2,68
"83602",13,"1985",1,3,1,1,2,64
"83686",4,"1985",1,4,1,1,2,68
"83687",4,"1985",1,4,1,1,2,68
"83695",21,"1985",1,98,1,1,2,64
"83697",21,"1985",1,1,1,1,2,68
"83989",15,"1985",1,98,1,1,2,64
"84123",17,"1985",1,6,1,1,2,64
"84518",21,"1986",1,3,1,1,2,64
"84520",21,"1986",1,3,1,1,2,64
"84521",21,"1986",1,3,1,1,2,63
"84532",21,"1986",2,98,1,1,2,64
"84533",21,"1986",1,1,1,1,2,64
"84535",21,"1986",1,1,1,1,2,68
"84652",22,"1986",3,98,1,1,2,68
"84881",6,"1986",2,1,1,1,2,64
"85167",18,"1986",1,2,1,1,2,68
"85176",18,"1986",4,1,1,1,2,64
"85578",25,"1986",3,4,1,1,2,65
"85580",25,"1986",3,4,1,1,2,65
"85581",25,"1986",3,4,1,1,2,68
"85810",11,"1986",2,3,1,1,2,60
"85941",17,"1986",1,2,1,1,2,63
"86155",36,"1986",2,6,1,1,2,65
"86157",36,"1986",2,2,1,1,2,64
"86161",36,"1986",1,5,1,1,2,65
"86409",17,"1986",1,2,1,1,2,68
"86432",17,"1986",2,6,1,1,2,65
"86451",17,"1986",3,2,1,1,2,67
"87092",6,"1986",1,3,1,1,2,67
"87096",6,"1986",2,1,1,1,2,64
"87354",18,"1986",2,1,1,1,2,62
"87443",10,"1986",2,98,1,1,2,67
"88043",11,"1986",1,6,1,1,2,68
"88086",29,"1986",1,98,1,1,2,65
"88169",17,"1986",1,1,1,1,2,64
"88287",30,"1986",1,5,1,1,2,65
"88403",36,"1986",1,5,1,1,2,67
"88404",36,"1986",1,5,1,1,2,68
"88550",34,"1986",2,1,1,1,2,67
"88557",34,"1986",2,2,1,1,2,67
"88558",34,"1986",2,2,1,1,2,68
"88587",27,"1986",2,3,1,1,2,65
"88700",17,"1986",2,1,1,1,2,62
"88780",17,"1986",1,2,1,1,2,67
"89148",21,"1986",1,1,1,1,2,62
"89182",21,"1986",1,1,1,1,2,68
"89202",21,"1986",1,2,1,1,2,68
"89301",21,"1986",2,1,1,1,2,65
"89621",8,"1986",1,1,1,1,2,68
"89679",6,"1986",1,1,2,1,2,64
"89680",6,"1986",1,1,2,1,2,68
"90838",39,"1986",2,4,1,1,2,68
"90991",38,"1986",1,98,1,1,2,65
"91136",11,"1986",1,2,1,1,2,65
"91137",11,"1986",1,2,1,1,2,60
"91240",17,"1986",1,2,1,1,2,64
"91246",17,"1986",1,6,1,1,2,65
"91293",17,"1986",2,2,1,1,2,64
"91339",17,"1986",1,1,1,1,2,64
"91340",17,"1986",1,1,1,1,2,64
"91374",17,"1986",2,1,1,1,2,63
"91402",24,"1986",1,2,1,1,2,68
"91644",36,"1986",1,5,1,1,2,68
"92051",1,"1986",1,2,1,1,2,67
"92145",17,"1986",2,2,1,1,2,65
"92344",21,"1987",1,1,1,1,2,68
"92726",15,"1987",1,6,2,1,2,64
"92934",17,"1987",1,2,1,1,2,64
"93021",31,"1987",3,2,1,1,2,62
"93032",31,"1987",3,3,1,1,2,68
"93075",34,"1987",2,5,1,1,2,68
"93110",34,"1987",3,3,1,1,2,68
"93182",17,"1987",1,6,1,1,2,68
"93304",21,"1987",1,98,1,1,2,68
"93518",6,"1987",2,1,1,1,2,64
"93615",18,"1987",3,4,1,1,2,65
"94284",21,"1987",1,1,1,1,2,68
"94312",21,"1987",1,2,1,1,2,68
"94694",4,"1987",3,3,1,1,2,68
"94844",21,"1987",1,2,1,1,2,64
"94868",21,"1987",2,2,1,1,2,64
"94901",21,"1987",1,1,1,1,2,68
"94910",21,"1987",2,1,1,1,2,67
"94912",21,"1987",1,1,1,1,2,64
"94913",21,"1987",1,1,1,1,2,64
"94914",21,"1987",1,1,1,1,2,63
"95197",21,"1987",2,1,1,1,2,67
"95295",20,"1987",3,6,1,1,2,65
"96337",12,"1987",3,3,1,1,2,68
"97336",10,"1987",1,3,1,1,2,68
"97387",23,"1987",1,5,1,1,2,68
"97529",15,"1987",1,1,1,1,2,67
"97532",15,"1987",2,98,1,1,2,68
"97744",15,"1987",4,1,1,1,2,67
"97745",15,"1987",4,1,1,1,2,65
"97746",15,"1987",4,1,1,1,2,67
"97748",15,"1987",4,1,1,1,2,67
"97953",33,"1987",1,6,1,1,2,64
"98007",33,"1987",4,2,1,1,2,68
"98039",33,"1987",1,3,1,1,2,60
"98040",33,"1987",1,3,1,1,2,65
"98181",39,"1987",3,5,1,1,2,68
"98422",38,"1987",2,4,1,1,2,64
"98842",17,"1987",1,2,1,1,2,68
"98917",17,"1987",1,3,1,1,2,68
"98921",17,"1987",1,2,1,1,2,68
"98961",17,"1987",1,3,1,1,2,64
"98963",17,"1987",2,1,1,1,2,64
"98964",17,"1987",2,1,1,1,2,64
"98967",17,"1987",2,2,1,1,2,62
"98970",17,"1987",1,2,1,1,2,68
"98974",17,"1987",2,2,1,1,2,64
"98978",17,"1987",2,2,1,1,2,64
"98979",17,"1987",2,2,1,1,2,64
"99087",24,"1987",2,1,1,1,2,65
"99185",35,"1987",1,6,1,1,2,68
"99218",24,"1987",2,5,1,1,2,65
"99289",35,"1987",1,3,1,1,2,67
"99391",30,"1987",1,3,1,1,2,67
"99486",31,"1987",1,5,1,1,2,68
"99546",31,"1987",1,5,1,1,2,67
"99606",36,"1987",2,5,1,1,2,68
"99957",34,"1987",1,2,1,1,2,64
"100031",34,"1987",1,6,4,1,2,68
"100117",27,"1987",3,3,1,1,2,68
"100164",1,"1987",1,3,1,1,2,67
"100192",1,"1987",2,3,1,1,2,64
"100303",17,"1987",1,5,1,1,2,68
"100395",17,"1987",2,2,1,1,2,68
"100410",17,"1987",1,1,1,1,2,64
"100415",17,"1987",4,2,1,1,2,65
"100416",17,"1987",4,2,1,1,2,65
"100509",17,"1987",2,2,1,1,2,62
"100698",21,"1988",1,98,1,1,2,68
"100732",21,"1988",1,3,1,1,2,62
"101136",28,"1988",1,98,1,1,2,68
"101225",4,"1988",2,98,1,1,2,65
"101226",4,"1988",2,98,1,1,2,67
"101227",4,"1988",2,98,1,1,2,67
"101239",4,"1988",2,2,1,1,2,64
"101483",21,"1988",1,5,1,1,2,68
"101485",21,"1988",1,2,1,1,2,68
"101561",21,"1988",2,98,1,1,2,64
"101588",21,"1988",2,3,3,1,2,65
"101658",21,"1988",2,98,1,1,2,64
"101673",21,"1988",1,1,1,1,2,68
"101769",22,"1988",1,3,2,1,2,68
"101912",21,"1988",1,98,2,1,2,65
"101914",21,"1988",1,98,2,1,2,65
"102555",8,"1988",4,3,1,1,2,63
"102779",6,"1988",1,4,1,1,2,64
"102780",6,"1988",1,4,1,1,2,65
"103761",18,"1988",1,5,1,1,2,63
"103814",18,"1988",1,3,1,1,2,64
"104210",10,"1988",2,5,1,1,2,65
"104231",10,"1988",3,2,3,1,2,64
"104340",10,"1988",1,2,1,1,2,64
"104621",15,"1988",3,3,1,1,2,68
"104665",15,"1988",2,2,1,1,2,67
"104837",15,"1988",1,3,1,1,2,65
"104844",15,"1988",6,1,1,1,2,63
"105256",33,"1988",1,2,1,1,2,68
"105299",33,"1988",1,6,1,1,2,65
"105325",25,"1988",2,4,1,1,2,68
"105333",25,"1988",1,2,1,1,2,68
"105541",39,"1988",3,2,1,1,2,65
"105770",38,"1988",3,2,1,1,2,63
"106269",17,"1988",2,2,1,1,2,68
"106328",17,"1988",1,6,1,1,2,64
"106422",17,"1988",1,2,1,1,2,64
"106423",17,"1988",1,5,1,1,2,65
"106439",17,"1988",2,2,1,1,2,67
"106473",17,"1988",3,2,1,1,2,68
"106474",17,"1988",4,3,1,1,2,64
"106494",17,"1988",2,4,1,1,2,60
"106503",17,"1988",1,2,1,1,2,64
"106504",17,"1988",1,2,1,1,2,64
"106506",17,"1988",2,1,1,1,2,68
"106688",35,"1988",2,3,1,1,2,65
"106920",30,"1988",2,2,1,1,2,68
"106921",30,"1988",2,98,1,1,2,67
"106922",30,"1988",2,98,1,1,2,65
"106923",30,"1988",2,98,1,1,2,67
"106961",30,"1988",3,1,1,1,2,64
"107047",30,"1988",3,3,1,1,2,67
"107184",31,"1988",1,5,1,1,2,68
"107186",31,"1988",1,5,1,1,2,64
"107839",34,"1988",1,3,1,1,2,68
"107937",27,"1988",1,1,1,1,2,64
"108197",17,"1988",2,3,1,1,2,64
"108210",17,"1988",1,98,1,1,2,65
"108213",17,"1988",4,98,1,1,2,64
"108249",17,"1988",1,5,1,1,2,68
"108357",17,"1988",1,3,1,1,2,64
"108369",17,"1988",1,6,1,1,2,65
"108401",17,"1988",2,3,1,1,2,64
"108498",17,"1988",1,2,1,1,2,64
"108618",13,"1988",1,3,1,1,2,62
"108981",9,"1988",1,98,1,1,2,68
"108982",9,"1988",1,98,1,1,2,68
"108990",7,"1988",2,1,1,1,2,63
"109055",10,"1988",2,1,1,1,2,68
"109056",10,"1988",2,1,1,1,2,64
"109248",11,"1988",1,2,1,1,2,67
"109313",17,"1988",1,1,1,1,2,68
"109474",17,"1988",1,2,1,1,2,64
"109560",21,"1989",1,3,1,1,2,64
"109676",26,"1989",1,2,1,1,2,65
"109910",21,"1989",1,4,1,1,2,68
"109968",21,"1989",1,5,1,1,2,68
"109978",21,"1989",1,2,1,1,2,68
"110081",21,"1989",2,3,1,1,2,64
"110121",22,"1989",1,1,1,1,2,62
"110492",6,"1989",2,5,1,1,2,68
"110856",12,"1989",1,5,1,1,2,65
"111224",18,"1989",2,3,1,1,2,64
"111243",18,"1989",1,2,1,1,2,63
"111309",18,"1989",2,3,1,1,2,60
"111317",18,"1989",3,2,1,1,2,64
"111318",18,"1989",3,2,1,1,2,64
"111346",14,"1989",3,1,1,1,2,68
"111348",14,"1989",3,4,1,1,2,67
"111725",15,"1989",3,1,1,1,2,68
"111837",15,"1989",2,1,1,1,2,67
"111877",15,"1989",3,5,1,1,2,68
"111915",15,"1989",3,98,1,1,2,65
"111916",15,"1989",1,3,1,1,2,68
"111962",15,"1989",1,5,1,1,2,65
"111964",15,"1989",1,5,1,1,2,65
"112187",33,"1989",1,6,1,1,2,68
"112201",33,"1989",1,3,1,1,2,65
"112296",25,"1989",2,3,1,1,2,65
"112343",39,"1989",2,5,1,1,2,63
"112368",39,"1989",3,2,1,1,2,64
"112716",11,"1989",2,2,1,1,2,68
"112897",17,"1989",2,2,1,1,2,67
"112900",17,"1989",3,98,1,1,2,64
"112927",17,"1989",2,98,1,1,2,67
"112928",17,"1989",2,98,1,1,2,68
"112940",17,"1989",2,1,1,1,2,65
"112954",17,"1989",1,1,1,1,2,64
"112979",24,"1989",3,6,1,1,2,65
"112980",24,"1989",3,6,1,1,2,67
"112981",24,"1989",3,6,1,1,2,62
"112982",24,"1989",3,6,1,1,2,62
"113051",24,"1989",3,1,1,1,2,68
"113321",36,"1989",1,3,1,1,2,67
"113347",36,"1989",2,3,1,1,2,67
"113348",36,"1989",2,3,1,1,2,68
"113659",34,"1989",1,3,1,1,2,64
"114162",17,"1989",3,4,1,1,2,68
"114163",17,"1989",3,4,1,1,2,68
"114165",17,"1989",3,98,1,1,2,65
"114231",17,"1989",2,2,1,1,2,67
"114582",4,"1989",1,5,1,1,2,68
"114677",21,"1989",2,1,1,1,2,68
"114679",21,"1989",2,1,1,1,2,64
"114688",21,"1989",1,98,1,1,2,64
"114759",21,"1989",1,2,1,1,2,67
"114851",21,"1989",2,2,1,1,2,68
"114921",20,"1989",3,1,1,1,2,64
"115239",6,"1989",1,98,1,1,2,65
"115646",6,"1989",2,4,1,1,2,63
"115754",14,"1989",1,2,1,1,2,64
"115756",14,"1989",1,1,1,1,2,65
"115856",14,"1989",1,1,1,1,2,64
"115969",10,"1989",3,2,1,1,2,62
"116138",15,"1989",1,6,1,1,2,68
"116139",15,"1989",1,6,1,1,2,68
"116425",33,"1989",1,1,1,1,2,63
"116472",33,"1989",1,2,1,1,2,68
"116473",33,"1989",1,2,1,1,2,68
"116501",33,"1989",2,4,1,1,2,68
"116511",33,"1989",3,1,1,1,2,65
"116517",25,"1989",1,6,1,1,2,68
"116578",39,"1989",1,6,1,1,2,67
"116814",40,"1989",2,3,1,1,2,68
"116876",11,"1989",2,2,1,1,2,68
"116887",11,"1989",2,2,1,1,2,63
"116889",11,"1989",2,2,2,1,2,64
"116900",11,"1989",1,5,1,1,2,68
"116990",17,"1989",1,2,1,1,2,62
"117007",17,"1989",2,2,1,1,2,65
"117008",17,"1989",2,2,1,1,2,65
"117057",17,"1989",1,5,1,1,2,64
"117076",17,"1989",1,2,1,1,2,64
"117148",24,"1989",2,1,1,1,2,68
"117258",35,"1989",1,4,1,1,2,68
"117436",36,"1989",1,6,1,1,2,68
"117444",36,"1989",1,5,1,1,2,68
"117445",36,"1989",1,5,1,1,2,68
"117449",36,"1989",1,2,1,1,2,68
"117538",34,"1989",1,1,1,1,2,68
"117783",1,"1989",3,4,1,1,2,67
"117898",17,"1989",1,6,1,1,2,65
"117902",17,"1989",1,6,1,1,2,65
"117903",17,"1989",1,6,1,1,2,65
"117904",17,"1989",1,6,1,1,2,65
"117930",17,"1989",1,3,1,1,2,65
"117953",17,"1989",1,2,1,1,2,64
"117954",17,"1989",1,3,1,1,2,64
"117955",17,"1989",2,1,1,1,2,62
"118002",17,"1989",1,98,1,1,2,65
"118017",17,"1989",2,2,1,1,2,67
"118042",17,"1989",1,4,1,1,2,62
"118078",17,"1989",1,2,1,1,2,64
"118291",21,"1990",1,5,1,1,2,63
"118323",21,"1990",1,3,1,1,2,63
"118376",21,"1990",2,1,1,1,2,63
"118565",6,"1990",1,1,1,1,2,64
"118573",6,"1990",3,3,1,1,2,63
"118839",18,"1990",3,2,1,1,2,63
"118840",18,"1990",3,2,1,1,2,65
"118842",18,"1990",3,3,1,1,2,65
"119099",15,"1990",1,3,1,1,2,65
"119228",33,"1990",1,5,1,1,2,67
"119430",17,"1990",4,1,1,1,2,68
"119445",17,"1990",1,5,1,1,2,67
"119584",36,"1990",1,5,1,1,2,68
"119597",36,"1990",2,5,1,1,2,67
"119731",34,"1990",1,4,1,1,2,67
"119790",27,"1990",3,2,1,1,2,65
"119864",1,"1990",1,3,1,1,2,68
"119867",1,"1990",1,3,1,1,2,64
"119892",17,"1990",1,5,1,1,2,68
"120050",21,"1990",2,2,1,1,2,64
"120051",21,"1990",2,2,1,1,2,63
"120540",21,"1990",3,3,1,1,2,68
"120574",21,"1990",2,5,1,1,2,64
"120575",21,"1990",2,5,1,1,2,64
"120610",21,"1990",2,5,1,1,2,64
"120751",22,"1990",3,2,1,1,2,64
"120807",21,"1990",4,1,1,1,2,64
"121394",6,"1990",2,2,1,1,2,63
"122239",18,"1990",1,98,1,1,2,67
"122314",18,"1990",3,5,1,1,2,65
"122315",18,"1990",3,5,1,1,2,68
"122333",14,"1990",1,1,1,1,2,68
"122334",14,"1990",1,1,1,1,2,64
"122338",14,"1990",1,1,1,1,2,68
"122569",10,"1990",2,5,1,1,2,65
"122585",10,"1990",2,3,1,1,2,68
"122638",10,"1990",1,2,1,1,2,64
"122719",10,"1990",1,98,1,1,2,64
"122720",10,"1990",1,98,1,1,2,68
"122906",15,"1990",1,2,1,1,2,68
"122910",15,"1990",1,5,1,1,2,68
"123100",15,"1990",3,1,1,1,2,67
"123101",15,"1990",3,1,1,1,2,68
"123201",15,"1990",1,3,1,1,2,67
"123318",3,"1990",1,98,1,1,2,64
"123473",33,"1990",2,3,1,1,2,64
"123485",33,"1990",1,4,1,1,2,64
"123486",33,"1990",1,4,1,1,2,64
"123498",33,"1990",3,2,1,1,2,65
"123507",33,"1990",2,3,1,1,2,68
"123525",33,"1990",3,1,1,1,2,67
"123671",39,"1990",1,2,1,1,2,68
"124307",17,"1990",1,3,1,1,2,65
"124318",17,"1990",1,3,1,1,2,65
"124367",17,"1990",1,2,1,1,2,68
"124386",17,"1990",2,2,1,1,2,63
"124387",17,"1990",2,2,1,1,2,63
"124396",17,"1990",2,5,1,1,2,65
"124401",17,"1990",1,4,1,1,2,67
"124437",17,"1990",1,98,1,1,2,64
"124439",17,"1990",1,98,1,1,2,62
"124440",17,"1990",1,98,1,1,2,64
"124457",17,"1990",1,98,1,1,2,64
"124467",17,"1990",3,2,1,1,2,64
"124469",17,"1990",2,4,1,1,2,62
"124502",17,"1990",2,2,1,1,2,64
"124525",17,"1990",2,1,1,1,2,64
"124532",35,"1990",1,6,1,1,2,68
"124560",24,"1990",1,5,1,1,2,68
"124759",30,"1990",1,4,1,1,2,67
"124760",30,"1990",1,4,1,1,2,60
"124766",30,"1990",1,3,1,1,2,64
"124767",30,"1990",1,3,1,1,2,65
"124768",30,"1990",1,3,1,1,2,67
"124784",30,"1990",1,98,1,1,2,64
"124922",36,"1990",3,1,1,1,2,68
"124928",36,"1990",1,98,1,1,2,68
"125263",34,"1990",1,98,1,1,2,65
"125370",27,"1990",1,98,1,1,2,68
"125411",27,"1990",1,1,1,1,2,65
"125708",17,"1990",1,3,1,1,2,68
"125709",17,"1990",1,3,1,1,2,68
"125713",17,"1990",1,1,1,1,2,68
"125714",17,"1990",1,1,1,1,2,68
"125715",17,"1990",1,1,1,1,2,68
"125717",17,"1990",1,1,1,1,2,62
"125720",17,"1990",2,3,1,1,2,64
"125722",17,"1990",2,3,1,1,2,65
"125787",17,"1990",1,5,1,1,2,60
"125889",17,"1990",1,2,1,1,2,65
"125946",17,"1990",1,98,1,1,2,65
"125953",17,"1990",2,98,1,1,2,65
"125954",17,"1990",2,98,1,1,2,68
"125976",17,"1990",2,2,1,1,2,65
"125977",17,"1990",2,1,1,1,2,64
"126020",17,"1990",1,5,1,1,2,65
"126215",21,"1991",2,1,1,1,2,64
"126231",21,"1991",3,1,1,1,2,67
"126660",21,"1991",1,98,1,1,2,67
"126751",21,"1991",1,98,2,1,2,64
"126796",21,"1991",1,3,1,1,2,64
"126836",21,"1991",1,1,1,1,2,64
"126868",21,"1991",1,98,1,1,2,65
"126873",21,"1991",2,5,1,1,2,65
"126928",21,"1991",2,98,1,1,2,64
"126990",21,"1991",3,98,1,1,2,62
"127023",21,"1991",1,3,1,1,2,68
"127044",21,"1991",1,2,1,1,2,64
"127297",20,"1991",2,98,1,1,2,65
"127669",6,"1991",2,2,1,1,2,64
"127845",6,"1991",1,6,1,1,2,68
"128815",18,"1991",1,98,1,1,2,68
"128864",18,"1991",1,2,1,1,2,62
"128889",18,"1991",1,3,1,1,2,64
"129051",14,"1991",1,4,1,1,2,68
"129052",14,"1991",1,4,1,1,2,68
"129333",10,"1991",2,1,1,1,2,65
"129718",15,"1991",1,1,1,1,2,65
"129781",15,"1991",1,98,1,1,2,68
"129862",15,"1991",1,1,1,1,2,68
"129863",15,"1991",1,1,1,1,2,68
"129865",15,"1991",1,1,1,1,2,68
"129894",15,"1991",2,98,1,1,2,63
"129901",15,"1991",2,1,1,1,2,62
"129952",15,"1991",1,3,1,1,2,67
"130305",33,"1991",1,3,1,1,2,68
"130313",33,"1991",1,6,1,1,2,65
"130315",33,"1991",1,2,1,1,2,65
"130455",25,"1991",3,3,1,1,2,65
"131117",11,"1991",2,1,1,1,2,68
"131309",17,"1991",1,1,1,1,2,64
"131335",17,"1991",4,3,1,1,2,64
"131338",17,"1991",3,3,1,1,2,62
"131342",17,"1991",2,2,1,1,2,65
"131436",17,"1991",2,5,1,1,2,64
"131472",17,"1991",1,4,1,1,2,64
"131538",17,"1991",3,2,1,1,2,64
"131560",17,"1991",2,2,1,1,2,64
"131561",17,"1991",1,2,1,1,2,68
"131903",30,"1991",2,1,1,1,2,67
"131936",30,"1991",1,98,1,1,2,62
"132017",36,"1991",1,4,1,1,2,65
"132462",34,"1991",2,3,1,1,2,64
"132611",27,"1991",1,3,1,1,2,64
"132677",27,"1991",1,2,1,1,2,68
"132820",1,"1991",3,4,1,1,2,68
"132876",1,"1991",2,1,1,1,2,68
"132905",17,"1991",2,4,1,1,2,68
"132906",17,"1991",2,4,1,1,2,67
"132916",17,"1991",3,3,1,1,2,67
"132917",17,"1991",3,3,1,1,2,68
"132939",17,"1991",1,3,1,1,2,65
"132961",17,"1991",2,3,1,1,2,64
"132967",17,"1991",1,3,1,1,2,65
"132977",17,"1991",4,2,1,1,2,68
"133009",17,"1991",2,4,1,1,2,68
"133019",17,"1991",3,2,1,1,2,67
"133088",17,"1991",1,1,1,1,2,62
"133144",17,"1991",1,2,1,1,2,64
"133235",17,"1991",1,3,1,1,2,68
"133257",17,"1991",2,3,1,1,2,62
"133287",17,"1991",2,2,1,1,2,67
"133305",17,"1991",3,2,1,1,2,62
"133475",26,"1991",1,98,2,1,2,68
"133499",21,"1991",1,3,1,1,2,64
"133905",38,"1991",1,5,2,1,2,68
"134001",17,"1991",2,1,1,1,2,68
"134657",21,"1992",1,5,1,1,2,62
"134695",21,"1992",1,4,1,1,2,64
"134720",21,"1992",1,1,2,1,2,64
"135124",32,"1992",1,6,1,1,2,67
"135144",32,"1992",1,5,1,1,2,64
"135145",32,"1992",1,5,1,1,2,65
"135353",6,"1992",6,1,1,1,2,66
"135364",6,"1992",2,3,1,1,2,63
"135411",6,"1992",1,2,1,1,2,63
"135863",6,"1992",3,5,1,1,2,67
"135864",6,"1992",3,5,1,1,2,65
"135865",6,"1992",3,5,1,1,2,67
"135918",6,"1992",3,98,1,1,2,65
"135940",6,"1992",1,98,1,1,2,64
"136462",15,"1992",1,3,1,1,2,64
"136554",15,"1992",2,3,1,1,2,68
"136625",15,"1992",2,1,1,1,2,68
"136716",3,"1992",1,5,1,1,2,64
"136796",33,"1992",1,3,1,1,2,65
"136803",33,"1992",1,2,1,1,2,64
"136819",33,"1992",2,4,1,1,2,68
"136820",33,"1992",2,4,1,1,2,68
"136835",33,"1992",3,3,1,1,2,65
"137079",38,"1992",2,98,1,1,2,68
"137101",38,"1992",2,98,1,1,2,65
"137281",11,"1992",1,5,1,1,2,66
"137316",11,"1992",2,5,1,1,2,66
"137345",29,"1992",2,3,1,1,2,63
"137347",29,"1992",2,3,1,1,2,65
"137369",29,"1992",1,5,1,1,2,64
"137371",29,"1992",1,5,1,1,2,64
"137439",17,"1992",1,3,1,1,2,64
"137483",17,"1992",1,4,1,1,2,65
"137485",17,"1992",1,4,1,1,2,64
"137537",17,"1992",2,98,1,1,2,64
"137541",17,"1992",3,3,1,1,2,64
"137542",17,"1992",3,3,1,1,2,64
"137561",17,"1992",1,4,1,1,2,64
"137577",17,"1992",1,2,1,1,2,60
"137579",17,"1992",1,4,1,1,2,64
"137746",24,"1992",3,5,1,1,2,70
"137747",24,"1992",3,5,1,1,2,70
"137831",24,"1992",1,3,1,1,2,65
"137863",24,"1992",1,5,1,1,2,67
"137864",24,"1992",1,5,1,1,2,70
"137884",24,"1992",1,3,3,1,2,65
"137890",24,"1992",1,3,3,1,2,65
"137953",30,"1992",1,4,1,1,2,70
"137954",30,"1992",1,4,1,1,2,68
"137955",30,"1992",1,4,1,1,2,68
"137994",30,"1992",2,3,1,1,2,68
"138011",30,"1992",2,5,2,1,2,64
"138058",31,"1992",2,3,1,1,2,64
"138060",31,"1992",2,3,1,1,2,68
"138066",31,"1992",1,98,1,1,2,65
"138199",36,"1992",1,5,1,1,2,70
"138200",36,"1992",1,5,1,1,2,70
"138204",36,"1992",2,3,1,1,2,67
"138209",36,"1992",1,3,1,1,2,68
"138472",34,"1992",2,1,1,1,2,66
"138477",34,"1992",2,3,1,1,2,68
"138501",34,"1992",1,2,1,1,2,65
"138698",1,"1992",1,98,1,1,2,65
"138756",1,"1992",3,4,1,1,2,67
"138757",1,"1992",3,4,1,1,2,67
"138771",1,"1992",2,2,1,1,2,67
"138779",17,"1992",1,98,1,1,2,67
"138820",17,"1992",1,6,1,1,2,66
"138821",17,"1992",1,6,1,1,2,70
"138875",17,"1992",1,98,1,1,2,66
"138934",17,"1992",1,1,1,1,2,60
"138979",17,"1992",2,2,1,1,2,68
"139001",17,"1992",1,3,1,1,2,67
"139008",17,"1992",3,2,1,1,2,68
"139009",17,"1992",3,2,1,1,2,67
"139489",21,"1992",1,3,1,1,2,68
"139496",21,"1992",1,98,1,1,2,63
"139497",21,"1992",1,98,1,1,2,63
"139509",21,"1992",1,98,1,1,2,64
"139513",21,"1992",1,1,1,1,2,63
"139670",20,"1992",1,5,1,1,2,64
"139671",20,"1992",1,5,1,1,2,67
"139672",20,"1992",1,5,1,1,2,65
"140359",9,"1992",1,6,1,1,2,68
"140629",14,"1992",2,2,1,1,2,65
"140703",10,"1992",1,2,1,1,2,70
"140886",2,"1992",1,5,1,1,2,70
"140893",2,"1992",1,6,1,1,2,68
"140901",2,"1992",1,6,2,1,2,70
"140925",15,"1992",1,2,1,1,2,64
"140927",15,"1992",1,2,1,1,2,65
"140931",15,"1992",1,98,1,1,2,68
"140948",15,"1992",1,2,1,1,2,60
"141013",15,"1992",1,5,1,1,2,64
"141014",15,"1992",1,5,1,1,2,68
"141050",15,"1992",2,1,1,1,2,64
"141055",15,"1992",2,1,1,1,2,64
"141082",15,"1992",1,98,1,1,2,65
"141083",15,"1992",1,98,1,1,2,67
"141087",15,"1992",1,98,1,1,2,68
"141306",33,"1992",1,5,1,1,2,67
"141319",33,"1992",2,3,1,1,2,68
"141332",33,"1992",1,3,1,1,2,67
"141461",39,"1992",2,4,1,1,2,68
"141539",38,"1992",1,6,1,1,2,68
"141576",38,"1992",1,5,1,1,2,68
"141613",38,"1992",1,5,1,1,2,65
"141787",11,"1992",1,4,1,1,2,68
"141951",17,"1992",1,2,1,1,2,64
"141955",17,"1992",1,2,1,1,2,68
"141958",17,"1992",1,6,1,1,2,68
"141973",17,"1992",1,1,1,1,2,64
"142034",17,"1992",1,1,1,1,2,63
"142042",17,"1992",1,4,1,1,2,65
"142046",17,"1992",1,1,1,1,2,65
"142053",17,"1992",2,2,1,1,2,63
"142097",24,"1992",1,5,1,1,2,67
"142155",24,"1992",1,98,1,1,2,65
"142156",24,"1992",1,98,1,1,2,62
"142157",24,"1992",1,98,1,1,2,67
"142160",35,"1992",1,1,1,1,2,60
"142162",35,"1992",1,1,1,1,2,65
"142248",24,"1992",2,2,1,1,2,68
"142280",30,"1992",2,98,1,1,2,70
"142359",30,"1992",1,2,1,1,2,67
"142360",30,"1992",1,2,1,1,2,65
"142444",30,"1992",1,2,1,1,2,68
"142458",31,"1992",1,6,1,1,2,63
"142461",31,"1992",2,2,1,1,2,65
"142533",36,"1992",1,5,1,1,2,70
"142754",34,"1992",2,6,1,1,2,70
"142783",27,"1992",1,3,1,1,2,60
"142850",27,"1992",3,2,1,1,2,68
"142880",27,"1992",1,5,1,1,2,64
"143027",17,"1992",1,6,1,1,2,68
"143058",17,"1992",1,98,1,1,2,66
"143120",17,"1992",1,98,1,1,2,66
"143134",17,"1992",1,4,1,1,2,68
"143157",17,"1992",1,3,1,1,2,64
"143163",17,"1992",1,4,1,1,2,64
"143164",17,"1992",1,4,1,1,2,67
"143186",17,"1992",3,98,1,1,2,67
"143226",17,"1992",1,2,1,1,2,68
"143227",17,"1992",1,2,1,1,2,68
"143228",17,"1992",1,2,1,1,2,68
"143229",17,"1992",1,2,1,1,2,68
"143245",17,"1992",1,4,1,1,2,64
"143249",17,"1992",1,98,1,1,2,64
"143558",21,"1993",1,1,1,1,2,70
"143573",21,"1993",1,5,1,1,2,63
"143891",6,"1993",2,1,1,1,2,64
"144123",18,"1993",1,3,1,1,2,64
"144146",18,"1993",2,3,1,1,2,68
"144349",15,"1993",2,3,1,1,2,68
"144372",3,"1993",1,2,2,1,2,68
"144469",33,"1993",2,1,1,1,2,68
"144546",38,"1993",3,3,1,1,2,69
"144547",38,"1993",3,3,1,1,2,68
"144594",11,"1993",4,1,1,1,2,64
"144596",11,"1993",4,1,1,1,2,63
"144645",11,"1993",3,6,1,1,2,65
"144720",17,"1993",2,2,1,1,2,63
"144726",17,"1993",1,6,1,1,2,68
"144730",17,"1993",1,6,1,1,2,70
"144731",17,"1993",1,6,1,1,2,70
"144739",17,"1993",1,4,1,1,2,62
"144763",17,"1993",1,3,1,1,2,64
"144935",31,"1993",2,3,1,1,2,67
"144942",31,"1993",1,98,1,1,2,68
"144982",36,"1993",1,1,1,1,2,68
"145113",34,"1993",3,2,1,1,2,66
"145130",34,"1993",1,2,1,1,2,65
"145131",34,"1993",1,2,1,1,2,65
"145132",34,"1993",1,2,1,1,2,65
"145146",27,"1993",3,4,1,1,2,68
"145152",27,"1993",2,1,1,1,2,68
"145219",1,"1993",2,2,1,1,2,62
"145242",1,"1993",1,5,2,1,2,65
"145291",17,"1993",2,3,1,1,2,65
"145313",17,"1993",1,6,1,1,2,70
"145316",17,"1993",3,5,1,1,2,68
"145378",2,"1993",2,6,4,1,2,68
"145436",21,"1993",1,1,1,1,2,64
"145878",4,"1993",1,1,1,1,2,63
"145879",4,"1993",1,1,1,1,2,64
"145880",4,"1993",1,1,1,1,2,64
"145893",26,"1993",1,5,1,1,2,68
"145894",26,"1993",1,5,1,1,2,70
"145932",26,"1993",1,98,2,1,2,68
"145982",21,"1993",2,2,1,1,2,64
"146005",21,"1993",1,98,2,1,2,64
"146013",21,"1993",1,3,1,1,2,67
"146078",21,"1993",1,1,1,1,2,64
"146241",21,"1993",1,98,1,1,2,66
"146243",21,"1993",1,1,1,1,2,65
"146244",21,"1993",1,1,1,1,2,64
"146513",20,"1993",1,98,1,1,2,64
"147128",6,"1993",1,5,1,1,2,67
"147129",6,"1993",1,5,1,1,2,67
"147130",6,"1993",1,5,1,1,2,67
"147183",6,"1993",1,2,1,1,2,64
"147259",6,"1993",1,3,1,1,2,66
"147959",6,"1993",1,6,1,1,2,63
"147964",6,"1993",1,5,1,1,2,66
"148005",18,"1993",1,2,1,1,2,63
"148061",18,"1993",1,3,1,1,2,64
"148065",18,"1993",1,3,1,1,2,68
"148066",18,"1993",1,1,1,1,2,60
"148085",18,"1993",1,3,1,1,2,68
"148278",10,"1993",1,3,1,1,2,70
"148548",2,"1993",1,6,1,1,2,68
"148633",15,"1993",1,6,1,1,2,68
"148634",15,"1993",1,6,1,1,2,68
"148787",15,"1993",1,1,1,1,2,64
"148789",15,"1993",1,98,1,1,2,65
"148801",15,"1993",1,2,1,1,2,66
"148812",3,"1993",1,3,1,1,2,63
"148937",39,"1993",1,6,2,1,2,70
"148984",39,"1993",2,3,2,1,2,66
"149073",33,"1993",1,5,1,1,2,66
"149247",39,"1993",1,3,1,1,2,70
"149265",39,"1993",1,6,1,1,2,68
"149734",11,"1993",2,3,3,1,2,70
"149735",11,"1993",2,3,3,1,2,70
"149944",17,"1993",1,3,1,1,2,64
"149951",17,"1993",2,1,1,1,2,63
"149953",17,"1993",1,2,1,1,2,64
"149963",17,"1993",2,2,1,1,2,68
"150009",17,"1993",1,1,1,1,2,64
"150105",17,"1993",1,2,1,1,2,67
"150156",17,"1993",1,1,1,1,2,67
"150157",17,"1993",1,1,1,1,2,67
"150164",17,"1993",2,2,1,1,2,65
"150173",17,"1993",1,5,1,1,2,65
"150176",17,"1993",2,2,1,1,2,65
"150177",17,"1993",2,2,1,1,2,65
"150179",17,"1993",1,2,1,1,2,70
"150206",17,"1993",2,2,1,1,2,64
"150346",24,"1993",1,3,1,1,2,68
"150391",24,"1993",1,2,1,1,2,68
"150434",24,"1993",1,1,1,1,2,65
"150482",35,"1993",1,1,1,1,2,65
"150483",35,"1993",1,1,1,1,2,65
"150485",35,"1993",1,2,1,1,2,67
"150515",35,"1993",3,1,1,1,2,64
"150526",24,"1993",1,6,1,1,2,68
"150586",30,"1993",2,98,1,1,2,64
"150598",30,"1993",1,3,1,1,2,65
"150604",30,"1993",7,5,1,1,2,70
"150663",30,"1993",1,5,1,1,2,66
"150689",30,"1993",2,5,1,1,2,66
"150716",30,"1993",1,5,1,1,2,70
"150773",31,"1993",4,2,1,1,2,70
"150775",31,"1993",1,2,1,1,2,68
"150961",36,"1993",2,5,1,1,2,68
"150977",36,"1993",1,4,1,1,2,66
"151183",34,"1993",1,3,1,1,2,68
"151230",34,"1993",1,2,1,1,2,70
"151242",34,"1993",3,6,1,1,2,64
"151306",27,"1993",1,3,1,1,2,67
"151356",27,"1993",1,98,1,1,2,68
"151596",1,"1993",2,3,1,1,2,60
"151646",1,"1993",1,6,1,1,2,70
"151660",1,"1993",1,2,1,1,2,64
"151661",1,"1993",1,2,1,1,2,64
"151831",17,"1993",1,98,1,1,2,66
"151842",17,"1993",1,2,1,1,2,70
"151843",17,"1993",1,2,1,1,2,70
"151907",17,"1993",1,4,1,1,2,70
"151914",17,"1993",2,3,1,1,2,62
"151915",17,"1993",2,3,1,1,2,64
"151920",17,"1993",3,2,1,1,2,68
"151929",17,"1993",1,3,1,1,2,68
"151938",17,"1993",1,3,1,1,2,65
"151940",17,"1993",1,5,1,1,2,66
"151964",17,"1993",1,3,1,1,2,64
"151974",17,"1993",2,2,1,1,2,65
"152019",17,"1993",1,3,1,1,2,70
"152033",17,"1993",1,3,1,1,2,68
"152035",17,"1993",1,98,1,1,2,68
"152036",17,"1993",1,98,1,1,2,64
"152060",17,"1993",2,1,1,1,2,61
"152061",17,"1993",2,1,1,1,2,67
"152148",2,"1993",3,1,1,1,2,70
"152394",26,"1994",2,1,1,1,2,67
"152466",26,"1994",1,3,1,1,2,68
"152928",21,"1994",2,1,1,1,2,67
"152929",21,"1994",2,1,1,1,2,67
"152930",21,"1994",2,1,1,1,2,64
"152938",21,"1994",1,2,1,1,2,62
"152957",21,"1994",1,1,1,1,2,68
"152960",21,"1994",1,2,1,1,2,66
"152974",21,"1994",1,98,2,1,2,63
"152975",21,"1994",1,98,2,1,2,64
"152986",21,"1994",2,1,1,1,2,66
"153012",21,"1994",1,98,2,1,2,70
"153041",21,"1994",1,98,2,1,2,67
"153042",21,"1994",1,98,2,1,2,68
"153043",21,"1994",1,98,2,1,2,65
"153045",21,"1994",1,98,2,1,2,65
"153053",21,"1994",1,1,1,1,2,63
"153074",21,"1994",1,4,1,1,2,68
"153075",21,"1994",1,4,1,1,2,70
"153076",21,"1994",1,4,1,1,2,65
"153077",21,"1994",1,6,1,1,2,70
"153118",21,"1994",3,3,2,1,2,64
"153126",21,"1994",1,1,1,1,2,63
"153141",21,"1994",1,5,1,1,2,70
"153142",21,"1994",1,5,1,1,2,70
"153248",21,"1994",1,98,1,1,2,68
"153270",21,"1994",2,98,1,1,2,63
"153308",22,"1994",2,1,1,1,2,68
"153312",22,"1994",2,2,1,1,2,68
"153317",22,"1994",2,2,1,1,2,64
"153328",22,"1994",1,2,1,1,2,64
"153383",21,"1994",1,6,1,1,2,64
"153501",20,"1994",1,6,1,1,2,67
"153502",20,"1994",1,6,1,1,2,67
"154223",6,"1994",2,4,1,1,2,64
"154551",12,"1994",3,3,1,1,2,65
"154935",6,"1994",2,4,1,1,2,70
"155222",18,"1994",2,3,1,1,2,70
"155286",18,"1994",1,6,1,1,2,68
"155287",18,"1994",1,6,1,1,2,67
"155418",10,"1994",1,6,1,1,2,68
"155419",10,"1994",1,6,1,1,2,70
"155537",10,"1994",1,1,1,1,2,68
"155538",10,"1994",1,1,1,1,2,68
"155540",10,"1994",1,1,1,1,2,70
"155601",10,"1994",2,3,1,1,2,70
"155789",15,"1994",1,2,1,1,2,65
"155896",15,"1994",1,2,1,1,2,70
"155897",15,"1994",1,2,1,1,2,67
"155983",15,"1994",1,5,1,1,2,70
"156020",15,"1994",1,98,1,1,2,66
"156056",3,"1994",1,2,1,1,2,68
"156274",39,"1994",2,1,3,1,2,62
"156278",39,"1994",1,98,1,1,2,70
"156364",33,"1994",2,3,1,1,2,65
"156366",33,"1994",3,1,1,1,2,65
"156380",33,"1994",2,2,1,1,2,70
"156417",33,"1994",1,3,1,1,2,70
"156444",33,"1994",2,2,1,1,2,68
"156465",25,"1994",2,5,1,1,2,70
"156707",39,"1994",2,5,1,1,2,64
"156844",38,"1994",1,5,1,1,2,68
"157011",40,"1994",1,5,1,1,2,64
"157016",40,"1994",1,6,1,1,2,68
"157073",40,"1994",1,5,1,1,2,66
"157116",11,"1994",2,1,1,1,2,61
"157117",11,"1994",2,1,1,1,2,70
"157118",11,"1994",2,1,1,1,2,69
"157119",11,"1994",2,1,1,1,2,68
"157120",11,"1994",2,1,1,1,2,68
"157138",11,"1994",1,2,1,1,2,70
"157141",11,"1994",1,3,1,1,2,66
"157143",11,"1994",1,3,1,1,2,65
"157144",11,"1994",1,3,1,1,2,65
"157167",11,"1994",4,1,1,1,2,66
"157199",11,"1994",1,4,1,1,2,68
"157200",11,"1994",1,4,1,1,2,68
"157201",11,"1994",1,4,1,1,2,68
"157202",11,"1994",1,4,1,1,2,68
"157203",11,"1994",1,4,1,1,2,67
"157204",11,"1994",1,4,1,1,2,68
"157371",29,"1994",1,2,1,1,2,67
"157384",29,"1994",2,6,1,1,2,70
"157402",17,"1994",1,2,1,1,2,66
"157412",17,"1994",3,5,1,1,2,63
"157494",17,"1994",1,6,1,1,2,70
"157582",17,"1994",1,2,1,1,2,65
"157583",17,"1994",1,2,1,1,2,65
"157595",17,"1994",1,4,1,1,2,70
"157612",17,"1994",1,1,1,1,2,67
"157615",17,"1994",3,3,1,1,2,65
"157617",17,"1994",2,2,1,1,2,64
"157658",17,"1994",1,2,1,1,2,64
"157665",17,"1994",1,98,1,1,2,65
"157667",17,"1994",1,98,1,1,2,68
"157671",17,"1994",4,2,1,1,2,64
"157672",17,"1994",4,2,1,1,2,67
"157679",17,"1994",2,2,1,1,2,65
"157819",24,"1994",2,98,1,1,2,65
"157856",35,"1994",1,6,1,1,2,68
"157861",35,"1994",2,3,1,1,2,68
"157865",35,"1994",3,2,1,1,2,64
"157945",24,"1994",1,6,1,1,2,65
"157947",35,"1994",2,1,1,1,2,70
"157948",35,"1994",2,1,1,1,2,65
"158069",24,"1994",1,3,1,1,2,70
"158073",35,"1994",1,2,1,1,2,68
"158107",35,"1994",1,6,1,1,2,65
"158116",35,"1994",1,1,1,1,2,70
"158144",30,"1994",1,6,1,1,2,68
"158157",30,"1994",1,98,1,1,2,62
"158172",30,"1994",2,2,1,1,2,64
"158193",30,"1994",2,98,1,1,2,64
"158257",30,"1994",2,5,1,1,2,65
"158323",30,"1994",1,5,1,1,2,65
"158348",30,"1994",1,6,1,1,2,68
"158359",30,"1994",1,2,1,1,2,64
"158515",31,"1994",2,98,1,1,2,69
"158560",36,"1994",1,98,1,1,2,65
"158654",36,"1994",2,5,1,1,2,64
"158701",37,"1994",1,3,1,1,2,70
"158969",34,"1994",1,3,1,1,2,70
"158982",34,"1994",1,2,1,1,2,65
"159066",34,"1994",1,3,1,1,2,68
"159077",27,"1994",1,3,1,1,2,66
"159078",27,"1994",1,3,1,1,2,67
"159080",27,"1994",1,3,1,1,2,65
"159081",27,"1994",1,3,1,1,2,68
"159164",27,"1994",1,3,1,1,2,64
"159251",27,"1994",3,3,1,1,2,60
"159284",27,"1994",5,1,1,1,2,67
"159285",27,"1994",5,1,1,1,2,67
"159292",27,"1994",1,2,1,1,2,70
"159332",1,"1994",1,5,1,1,2,67
"159367",1,"1994",1,6,1,1,2,68
"159467",1,"1994",1,4,1,1,2,62
"159474",1,"1994",3,2,1,1,2,67
"159531",1,"1994",1,5,1,1,2,66
"159532",1,"1994",1,5,1,1,2,65
"159533",1,"1994",1,2,1,1,2,68
"159556",17,"1994",2,3,1,1,2,67
"159557",17,"1994",2,3,1,1,2,66
"159586",17,"1994",2,5,1,1,2,67
"159609",17,"1994",2,4,1,1,2,67
"159620",17,"1994",1,4,1,1,2,68
"159640",17,"1994",1,5,1,1,2,68
"159670",17,"1994",1,2,1,1,2,70
"159681",17,"1994",1,6,1,1,2,70
"159693",17,"1994",1,3,1,1,2,65
"159698",17,"1994",1,6,1,1,2,65
"159719",17,"1994",2,3,1,1,2,70
"159723",17,"1994",1,98,1,1,2,66
"159734",17,"1994",1,2,1,1,2,70
"159739",17,"1994",1,5,1,1,2,64
"159746",17,"1994",1,4,1,1,2,66
"159794",17,"1994",1,3,1,1,2,66
"159796",17,"1994",1,3,1,1,2,70
"159823",17,"1994",4,1,1,1,2,63
"159825",17,"1994",1,5,1,1,2,63
"159826",17,"1994",1,5,1,1,2,70
"159834",17,"1994",2,4,1,1,2,65
"159840",17,"1994",1,4,1,1,2,64
"159841",17,"1994",1,4,1,1,2,64
"159877",17,"1994",1,3,1,1,2,64
"159923",17,"1994",2,3,1,1,2,67
"159924",17,"1994",2,3,1,1,2,68
"159925",17,"1994",2,3,1,1,2,68
"159939",17,"1994",2,1,1,1,2,64
"160239",21,"1994",1,2,1,1,2,64
"160311",21,"1994",1,98,1,1,2,70
"160336",21,"1994",1,1,1,1,2,62
"160519",6,"1994",1,1,1,1,2,68
"160876",11,"1994",2,3,1,1,2,65
"160917",17,"1994",1,2,1,1,2,68
"160920",17,"1994",1,98,1,1,2,64
"160999",36,"1994",1,3,1,1,2,70
"161060",27,"1994",1,4,1,1,2,60
"161081",17,"1994",1,3,1,1,2,67
"161090",17,"1994",1,6,1,1,2,68
"161093",17,"1994",1,6,1,1,2,61
"161105",17,"1994",1,4,1,1,2,70
"161106",17,"1994",1,4,1,1,2,68
"161115",17,"1994",1,6,1,1,2,61
"161153",17,"1994",1,2,1,1,2,64
"161154",17,"1994",1,2,1,1,2,70
"161155",17,"1994",1,2,1,1,2,70
"161156",17,"1994",1,2,1,1,2,70
"161157",17,"1994",1,2,1,1,2,62
"161264",27,"1995",3,3,4,1,2,66
"161354",24,"1995",2,4,2,1,2,64
"161369",24,"1995",1,6,1,1,2,70
"161378",24,"1995",1,98,1,1,2,64
"161550",17,"1995",2,5,1,1,2,62
"161556",17,"1995",1,2,1,1,2,64
"161577",17,"1995",2,6,1,1,2,64
"161612",17,"1995",1,1,1,1,2,68
"161638",17,"1995",2,2,1,1,2,64
"161724",1,"1995",2,98,1,1,2,67
"161729",1,"1995",1,5,1,1,2,70
"161807",1,"1995",3,2,1,1,2,64
"161809",1,"1995",1,5,1,1,2,66
"161835",30,"1995",1,6,1,1,2,70
"161858",30,"1995",4,5,1,1,2,68
"161860",30,"1995",2,4,1,1,2,70
"161861",30,"1995",2,4,1,1,2,65
"161907",31,"1995",2,3,1,1,2,70
"161910",31,"1995",2,3,1,1,2,70
"162054",34,"1995",3,98,1,1,2,70
"162057",34,"1995",1,6,1,1,2,68
"162131",34,"1995",3,4,1,1,2,60
"162132",34,"1995",3,4,1,1,2,60
"162197",35,"1995",2,2,1,1,2,68
"162202",35,"1995",1,98,1,1,2,67
"162225",35,"1995",3,5,1,1,2,70
"162233",35,"1995",3,2,1,1,2,64
"162260",35,"1995",1,98,1,1,2,64
"162261",35,"1995",1,98,1,1,2,65
"162308",36,"1995",2,5,1,1,2,67
"162400",17,"1995",3,6,1,1,2,68
"162401",17,"1995",1,5,1,1,2,67
"162410",17,"1995",1,2,1,1,2,65
"162427",17,"1995",1,6,1,1,2,66
"162437",17,"1995",1,3,1,1,2,68
"162481",17,"1995",1,3,2,1,2,60
"162482",17,"1995",1,3,2,1,2,65
"162483",17,"1995",1,3,1,1,2,68
"162488",17,"1995",1,3,1,1,2,66
"162502",17,"1995",1,3,1,1,2,67
"162503",17,"1995",1,3,1,1,2,67
"162508",17,"1995",2,5,1,1,2,70
"162520",17,"1995",1,2,1,1,2,70
"162533",17,"1995",1,3,1,1,2,66
"162572",17,"1995",3,1,1,1,2,67
"162574",17,"1995",3,1,1,1,2,66
"162579",17,"1995",2,98,1,1,2,64
"162580",17,"1995",2,98,1,1,2,64
"162594",17,"1995",1,5,1,1,2,67
"162595",17,"1995",1,5,1,1,2,67
"162598",17,"1995",2,6,2,1,2,66
"162599",17,"1995",2,6,2,1,2,68
"162618",17,"1995",1,5,1,1,2,66
"162700",11,"1995",2,1,1,1,2,68
"162701",11,"1995",2,1,1,1,2,68
"162702",11,"1995",2,1,1,1,2,70
"162801",18,"1995",2,2,1,1,2,70
"162810",18,"1995",1,2,1,1,2,64
"162842",18,"1995",1,2,1,1,2,63
"162844",18,"1995",2,6,1,1,2,70
"162864",18,"1995",2,2,1,1,2,62
"163882",19,"1995",1,2,1,1,2,67
"164076",22,"1995",2,2,1,1,2,68
"164149",21,"1995",1,98,2,1,2,66
"164150",21,"1995",1,98,2,1,2,64
"164291",21,"1995",1,6,1,1,2,68
"164660",29,"1995",2,3,1,1,2,70
"164805",26,"1995",1,5,1,1,2,70
"164807",26,"1995",3,98,1,1,2,62
"164914",33,"1995",1,3,1,1,2,70
"164929",33,"1995",1,98,1,1,2,70
"164963",10,"1995",2,3,1,1,2,62
"165070",15,"1995",1,2,1,1,2,64
"165144",15,"1995",1,5,1,1,2,67
"165194",14,"1995",4,5,1,1,2,68
"165195",14,"1995",4,5,1,1,2,70
"165210",14,"1995",3,4,1,1,2,70
"165258",39,"1995",1,4,1,1,2,68
"165293",39,"1995",1,5,1,1,2,68
"165422",27,"1995",2,5,1,1,2,65
"165536",27,"1995",3,3,1,1,2,65
"165595",24,"1995",2,2,1,1,2,70
"165681",17,"1995",1,3,1,1,2,68
"165702",17,"1995",2,2,1,1,2,64
"165707",17,"1995",1,1,1,1,2,64
"165714",17,"1995",1,1,2,1,2,65
"165715",17,"1995",1,2,1,1,2,64
"165717",17,"1995",1,2,1,1,2,64
"165720",17,"1995",1,2,1,1,2,67
"165807",30,"1995",1,2,1,1,2,68
"165817",30,"1995",1,5,1,1,2,65
"165860",31,"1995",3,2,1,1,2,70
"165924",30,"1995",2,1,1,1,2,68
"165925",30,"1995",2,1,1,1,2,61
"165926",30,"1995",1,3,1,1,2,68
"165998",34,"1995",1,6,1,1,2,70
"166025",34,"1995",2,1,1,1,2,69
"166111",36,"1995",1,3,1,1,2,68
"166136",36,"1995",1,6,1,1,2,65
"166137",36,"1995",1,6,1,1,2,70
"166161",17,"1995",2,2,1,1,2,70
"166164",17,"1995",1,1,1,1,2,68
"166165",17,"1995",1,2,1,1,2,68
"166174",17,"1995",1,2,1,1,2,65
"166176",17,"1995",1,2,1,1,2,66
"166178",17,"1995",1,2,1,1,2,66
"166203",17,"1995",1,4,1,1,2,64
"166206",17,"1995",2,98,1,1,2,70
"166254",17,"1995",1,2,1,1,2,64
"166275",17,"1995",1,98,1,1,2,70
"166278",17,"1995",1,4,1,1,2,65
"166285",17,"1995",1,6,1,1,2,65
"166286",17,"1995",1,6,1,1,2,66
"166301",17,"1995",1,5,1,1,2,65
"166302",17,"1995",1,6,1,1,2,65
"166311",17,"1995",1,3,1,1,2,66
"166316",17,"1995",1,4,1,1,2,65
"166318",17,"1995",1,4,1,1,2,70
"166326",17,"1995",1,98,1,1,2,70
"166332",17,"1995",2,1,1,1,2,70
"166333",17,"1995",2,1,1,1,2,68
"166341",17,"1995",1,3,1,1,2,66
"166375",11,"1995",2,4,1,1,2,70
"166622",38,"1995",1,6,1,1,2,70
"166729",38,"1995",1,1,1,1,2,63
"166988",6,"1995",1,5,1,1,2,65
"167439",19,"1995",2,4,1,1,2,67
"167440",19,"1995",2,4,1,1,2,70
"167640",21,"1995",1,98,1,1,2,68
"167642",21,"1995",1,98,1,1,2,65
"167785",21,"1995",1,3,1,1,2,68
"167787",21,"1995",1,98,1,1,2,68
"167788",21,"1995",1,4,1,1,2,68
"167789",21,"1995",1,6,1,1,2,68
"167791",21,"1995",1,6,1,1,2,70
"168221",33,"1995",2,4,1,1,2,68
"168246",33,"1995",2,2,1,1,2,70
"168248",33,"1995",2,2,1,1,2,68
"168318",10,"1995",1,5,1,1,2,68
"168319",10,"1995",1,5,1,1,2,65
"168320",10,"1995",1,5,1,1,2,70
"168321",10,"1995",1,5,1,1,2,70
"168322",10,"1995",1,5,1,1,2,60
"168434",15,"1995",1,4,1,1,2,67
"168759",17,"1995",1,4,1,1,2,70
"168762",17,"1995",1,3,1,1,2,68
"168766",17,"1995",1,3,1,1,2,65
"168807",17,"1995",1,5,1,1,2,64
"168820",17,"1995",1,2,1,1,2,64
"168838",17,"1995",1,6,1,1,2,68
"168847",17,"1995",1,2,1,1,2,66
"168936",36,"1995",2,3,1,1,2,70
"168945",36,"1995",1,1,1,1,2,68
"168965",11,"1995",1,6,1,1,2,68
"169013",25,"1995",2,6,1,1,2,70
"169280",21,"1995",1,2,2,1,2,70
"169299",21,"1995",1,3,1,1,2,69
"169303",21,"1995",1,5,1,1,2,68
"169304",21,"1995",1,5,1,1,2,68
"169442",10,"1995",2,4,1,1,2,64
"169542",27,"1996",2,6,1,1,2,68
"169569",27,"1996",3,5,1,1,2,68
"169575",24,"1996",1,5,1,1,2,64
"169641",17,"1996",1,2,1,1,2,64
"169908",17,"1996",1,5,1,1,2,70
"169928",17,"1996",1,6,1,1,2,69
"169939",17,"1996",1,3,1,1,2,70
"169940",17,"1996",1,3,1,1,2,68
"169941",17,"1996",1,3,1,1,2,65
"170038",39,"1996",1,2,1,1,2,68
"170064",18,"1996",4,2,1,1,2,68
"170068",18,"1996",1,6,1,1,2,70
"170075",18,"1996",1,3,1,1,2,67
"170218",6,"1996",2,98,1,1,2,64
"170502",19,"1996",1,6,1,1,2,68
"170503",19,"1996",1,6,1,1,2,68
"170507",19,"1996",2,4,1,1,2,68
"170619",21,"1996",1,2,1,1,2,70
"170650",21,"1996",1,98,1,1,2,63
"170882",33,"1996",1,2,1,1,2,66
"170949",15,"1996",1,5,1,1,2,70
"171121",27,"1996",3,3,3,1,2,62
"171122",27,"1996",3,3,3,1,2,67
"171123",27,"1996",1,4,1,1,2,67
"171134",27,"1996",1,5,1,1,2,67
"171160",27,"1996",3,3,1,1,2,68
"171216",24,"1996",2,2,1,1,2,68
"171245",17,"1996",3,1,1,1,2,64
"171274",17,"1996",1,5,1,1,2,70
"171286",17,"1996",4,3,1,1,2,64
"171289",17,"1996",2,1,1,1,2,64
"171290",17,"1996",2,1,1,1,2,64
"171295",17,"1996",2,4,1,1,2,65
"171318",1,"1996",2,6,1,1,2,66
"171319",1,"1996",3,5,1,1,2,68
"171321",1,"1996",2,5,1,1,2,64
"171322",1,"1996",2,5,1,1,2,67
"171353",30,"1996",2,1,2,1,2,70
"171355",30,"1996",2,1,2,1,2,70
"171366",30,"1996",1,2,1,1,2,70
"171367",30,"1996",1,2,1,1,2,68
"171368",30,"1996",1,2,1,1,2,65
"171370",30,"1996",1,1,1,1,2,66
"171522",35,"1996",1,2,2,1,2,64
"171591",36,"1996",3,1,1,1,2,66
"171592",36,"1996",3,1,1,1,2,68
"171623",17,"1996",2,98,1,1,2,68
"171637",17,"1996",1,4,1,1,2,68
"171691",17,"1996",3,3,1,1,2,70
"171694",17,"1996",1,1,1,1,2,64
"171701",17,"1996",1,4,1,1,2,68
"171706",17,"1996",1,2,1,1,2,65
"171708",17,"1996",1,4,1,1,2,65
"171897",25,"1996",1,4,1,1,2,68
"171898",25,"1996",1,4,1,1,2,68
"171899",25,"1996",1,4,1,1,2,68
"171900",25,"1996",1,4,1,1,2,68
"171901",25,"1996",1,4,1,1,2,68
"171926",38,"1996",1,3,1,1,2,70
"171975",2,"1996",1,6,1,1,2,68
"172093",6,"1996",1,3,1,1,2,64
"172143",3,"1996",1,3,1,1,2,70
"172200",39,"1996",1,3,4,1,2,68
"172315",12,"1996",1,6,1,1,2,65
"172387",19,"1996",2,4,1,1,2,70
"172522",21,"1996",1,1,1,1,2,63
"172598",21,"1996",1,6,1,1,2,65
"172941",10,"1996",1,5,1,1,2,70
"172964",10,"1996",2,4,1,1,2,64
"173028",15,"1996",1,6,1,1,2,64
"173126",14,"1996",2,98,1,1,2,68
"173361",27,"1996",1,5,1,1,2,63
"173373",24,"1996",1,4,1,1,2,60
"173456",17,"1996",1,5,1,1,2,64
"173528",17,"1996",1,6,1,1,2,65
"173529",17,"1996",1,6,1,1,2,68
"173543",17,"1996",1,98,1,1,2,70
"173544",17,"1996",1,5,1,1,2,67
"173547",17,"1996",1,5,1,1,2,66
"173578",17,"1996",1,3,1,1,2,68
"173626",17,"1996",1,1,1,1,2,63
"173629",17,"1996",1,5,1,1,2,68
"173630",17,"1996",1,5,1,1,2,70
"173631",17,"1996",1,5,1,1,2,70
"173632",17,"1996",1,5,1,1,2,67
"173653",17,"1996",1,3,1,1,2,64
"173666",17,"1996",1,2,1,1,2,63
"173672",17,"1996",1,2,1,1,2,67
"173744",17,"1996",1,98,1,1,2,62
"173756",17,"1996",2,3,1,1,2,62
"173765",17,"1996",1,2,1,1,2,66
"173781",1,"1996",2,3,1,1,2,65
"173847",1,"1996",1,3,1,1,2,68
"173891",30,"1996",3,1,1,1,2,70
"173892",30,"1996",3,1,1,1,2,66
"173993",30,"1996",2,5,2,1,2,63
"174024",30,"1996",3,2,1,1,2,67
"174032",30,"1996",1,3,1,1,2,66
"174130",34,"1996",1,5,1,1,2,70
"174149",35,"1996",1,3,1,1,2,65
"174183",36,"1996",1,2,1,1,2,65
"174275",11,"1996",1,1,1,1,2,61
"174277",11,"1996",1,1,1,1,2,61
"174337",13,"1996",1,6,1,1,2,65
"174341",13,"1996",2,3,1,1,2,62
"174363",18,"1996",1,3,1,1,2,68
"174369",18,"1996",1,4,1,1,2,64
"174651",6,"1996",1,5,1,1,2,68
"174652",6,"1996",1,5,1,1,2,65
"174654",6,"1996",1,5,1,1,2,68
"174658",6,"1996",1,3,1,1,2,68
"174687",6,"1996",2,3,2,1,2,68
"174751",6,"1996",2,5,1,1,2,64
"174871",16,"1996",1,3,1,1,2,70
"174872",16,"1996",1,3,1,1,2,70
"174874",16,"1996",1,98,1,1,2,70
"175231",12,"1996",1,2,1,1,2,68
"175333",19,"1996",1,3,1,1,2,66
"175572",21,"1996",1,3,1,1,2,64
"175576",21,"1996",1,2,1,1,2,70
"175627",21,"1996",1,4,1,1,2,64
"175628",21,"1996",1,4,1,1,2,64
"175653",21,"1996",1,5,1,1,2,60
"175663",21,"1996",1,1,1,1,2,68
"175687",21,"1996",1,3,1,1,2,64
"176155",26,"1996",1,1,1,1,2,67
"176178",33,"1996",1,5,1,1,2,68
"176247",10,"1996",2,3,1,1,2,64
"176266",10,"1996",1,6,1,1,2,70
"176411",39,"1996",1,2,1,1,2,67
"176553",27,"1997",2,98,1,1,2,68
"176572",27,"1997",2,2,1,1,2,65
"176609",27,"1997",3,4,1,1,2,68
"176674",17,"1997",1,98,1,1,2,62
"176714",1,"1997",2,4,1,1,2,66
"176719",1,"1997",2,5,1,1,2,68
"176736",30,"1997",2,6,1,1,2,68
"176761",30,"1997",2,2,1,1,2,64
"176807",30,"1997",2,2,1,1,2,68
"176867",35,"1997",1,4,1,1,2,67
"176889",36,"1997",2,3,1,1,2,70
"176890",36,"1997",2,3,1,1,2,70
"176903",17,"1997",1,1,1,1,2,67
"176906",17,"1997",1,6,1,1,2,70
"176907",17,"1997",1,3,1,1,2,65
"176908",17,"1997",1,5,1,1,2,70
"176912",17,"1997",2,2,1,1,2,68
"176940",17,"1997",3,1,1,1,2,67
"176971",17,"1997",1,5,1,1,2,67
"177046",13,"1997",1,5,1,1,2,67
"177071",18,"1997",1,2,1,1,2,63
"177138",38,"1997",1,3,1,1,2,67
"177282",7,"1997",1,5,1,1,2,68
"177283",7,"1997",1,5,1,1,2,60
"177289",3,"1997",1,5,1,1,2,62
"177639",21,"1997",1,6,1,1,2,68
"177947",10,"1997",2,4,1,1,2,70
"178035",15,"1997",1,6,1,1,2,67
"178037",15,"1997",1,3,1,1,2,68
"178041",15,"1997",1,3,1,1,2,60
"178056",15,"1997",1,3,1,1,2,70
"178201",27,"1997",1,5,1,1,2,67
"178272",27,"1997",1,5,1,1,2,67
"178409",24,"1997",1,5,1,1,2,70
"178415",24,"1997",1,6,1,1,2,67
"178426",24,"1997",1,6,1,1,2,67
"178428",24,"1997",1,6,1,1,2,68
"178540",17,"1997",1,6,1,1,2,70
"178557",17,"1997",1,1,1,1,2,60
"178578",17,"1997",2,2,1,1,2,64
"178579",17,"1997",2,2,1,1,2,65
"178583",17,"1997",2,2,1,1,2,64
"178624",17,"1997",1,4,1,1,2,68
"178717",17,"1997",1,3,1,1,2,64
"178722",17,"1997",1,6,1,1,2,70
"178740",17,"1997",1,98,1,1,2,66
"178754",17,"1997",1,6,1,1,2,70
"178765",17,"1997",1,2,1,1,2,64
"178783",17,"1997",1,3,1,1,2,64
"178818",17,"1997",2,3,1,1,2,64
"178841",17,"1997",2,2,1,1,2,64
"178842",17,"1997",2,2,1,1,2,64
"178846",17,"1997",1,2,1,1,2,64
"178871",17,"1997",3,2,1,1,2,64
"178878",17,"1997",2,2,1,1,2,65
"178951",17,"1997",1,2,1,1,2,65
"178955",17,"1997",1,6,1,1,2,64
"178956",17,"1997",1,6,1,1,2,66
"179022",1,"1997",1,98,1,1,2,70
"179077",1,"1997",1,5,1,1,2,64
"179138",30,"1997",1,5,1,1,2,70
"179160",30,"1997",1,6,1,1,2,70
"179166",30,"1997",1,4,1,1,2,68
"179234",31,"1997",2,2,1,1,2,70
"179235",31,"1997",2,2,1,1,2,67
"179371",30,"1997",1,2,1,1,2,66
"179373",30,"1997",1,6,1,1,2,68
"179374",30,"1997",1,6,1,1,2,68
"179406",30,"1997",1,5,1,1,2,70
"179419",30,"1997",1,2,1,1,2,68
"179650",35,"1997",1,5,1,1,2,65
"179682",36,"1997",1,6,1,1,2,70
"179735",31,"1997",1,2,1,1,2,70
"179737",31,"1997",1,5,1,1,2,65
"179783",11,"1997",1,6,1,1,2,67
"179795",11,"1997",1,1,1,1,2,70
"179966",18,"1997",1,3,1,1,2,65
"179971",18,"1997",1,3,1,1,2,64
"180004",18,"1997",1,5,1,1,2,70
"180035",38,"1997",1,1,1,1,2,70
"180085",38,"1997",3,3,1,1,2,67
"180086",38,"1997",4,98,1,1,2,70
"180087",38,"1997",4,98,1,1,2,70
"180088",38,"1997",4,98,1,1,2,68
"180663",16,"1997",3,98,1,1,2,66
"180945",4,"1997",1,1,1,1,2,70
"181395",19,"1997",1,6,1,1,2,68
"181628",21,"1997",1,98,1,1,2,65
"181630",21,"1997",1,6,1,1,2,64
"181640",21,"1997",2,4,1,1,2,64
"181657",21,"1997",1,98,1,1,2,70
"181709",21,"1997",1,1,1,1,2,65
"181764",21,"1997",1,1,1,1,2,60
"181811",21,"1997",2,5,1,1,2,64
"181834",21,"1997",1,2,1,1,2,68
"181900",21,"1997",1,5,1,1,2,62
"182388",29,"1997",1,5,1,1,2,68
"182638",26,"1997",1,1,1,1,2,68
"182639",26,"1997",1,1,1,1,2,67
"182640",26,"1997",1,1,1,1,2,68
"182823",10,"1997",1,3,1,1,2,65
"182903",15,"1997",2,2,1,1,2,67
"182905",15,"1997",1,4,1,1,2,67
"182945",15,"1997",1,1,1,1,2,70
"182983",15,"1997",2,2,1,1,2,70
"182984",15,"1997",2,2,1,1,2,68
"182985",15,"1997",2,2,1,1,2,64
"182986",15,"1997",2,2,1,1,2,70
"183233",39,"1997",1,4,2,1,2,70
"183273",39,"1997",1,5,1,1,2,70
"183309",37,"1997",2,98,1,1,2,67
"183474",27,"1998",2,2,1,1,2,67
"183585",27,"1998",3,2,1,1,2,65
"183634",27,"1998",1,6,1,1,2,66
"183640",27,"1998",2,2,1,1,2,70
"183652",24,"1998",1,6,1,1,2,64
"183655",24,"1998",1,6,1,1,2,63
"183683",24,"1998",1,6,1,1,2,70
"183697",24,"1998",1,6,1,1,2,62
"183796",17,"1998",1,6,1,1,2,70
"183833",17,"1998",2,2,1,1,2,64
"183873",17,"1998",1,1,1,1,2,68
"183880",17,"1998",1,3,1,1,2,68
"183905",17,"1998",1,3,1,1,2,70
"183961",17,"1998",2,2,1,1,2,64
"183992",17,"1998",2,2,1,1,2,65
"183997",17,"1998",1,3,1,1,2,64
"184014",17,"1998",2,2,1,1,2,67
"184046",17,"1998",1,2,1,1,2,68
"184047",17,"1998",1,2,1,1,2,68
"184074",17,"1998",1,2,1,1,2,70
"184086",17,"1998",5,6,1,1,2,70
"184087",17,"1998",5,6,1,1,2,70
"184090",17,"1998",2,3,1,1,2,64
"184110",17,"1998",1,1,1,1,2,64
"184139",17,"1998",1,6,1,1,2,65
"184140",17,"1998",1,6,1,1,2,67
"184173",17,"1998",1,6,1,1,2,68
"184174",17,"1998",1,6,1,1,2,70
"184175",17,"1998",1,6,1,1,2,70
"184176",17,"1998",1,6,1,1,2,68
"184248",35,"1998",1,98,1,1,2,68
"184568",31,"1998",1,2,1,1,2,67
"184681",30,"1998",1,5,1,1,2,70
"184682",30,"1998",1,5,1,1,2,66
"184714",34,"1998",1,2,1,1,2,63
"184715",34,"1998",2,2,1,1,2,64
"184852",34,"1998",3,3,2,1,2,65
"184853",34,"1998",3,3,2,1,2,67
"184858",34,"1998",1,4,1,1,2,70
"184922",35,"1998",2,3,1,1,2,64
"184972",36,"1998",2,98,1,1,2,64
"185004",36,"1998",1,5,1,1,2,69
"185288",18,"1998",1,6,1,1,2,64
"185361",38,"1998",1,98,1,1,2,70
"185515",38,"1998",1,5,2,1,2,66
"185592",2,"1998",2,2,1,1,2,70
"185758",6,"1998",1,4,1,1,2,64
"185810",6,"1998",1,3,1,1,2,64
"185847",6,"1998",1,4,1,1,2,66
"185858",6,"1998",1,98,1,1,2,68
"185889",6,"1998",1,1,1,1,2,62
"186276",4,"1998",1,6,1,1,2,70
"186760",19,"1998",4,1,1,1,2,60
"186761",19,"1998",4,1,1,1,2,67
"186830",16,"1998",1,5,1,1,2,67
"187057",22,"1998",1,2,1,1,2,70
"187152",21,"1998",1,2,1,1,2,67
"187221",21,"1998",1,1,1,1,2,70
"187250",21,"1998",1,5,1,1,2,68
"187316",21,"1998",1,98,1,1,2,70
"187664",9,"1998",2,3,1,1,2,67
"188106",33,"1998",2,98,1,1,2,70
"188108",33,"1998",1,5,1,1,2,63
"188182",33,"1998",1,3,1,1,2,68
"188183",33,"1998",1,3,1,1,2,70
"188206",10,"1998",1,3,1,1,2,68
"188213",10,"1998",2,3,1,1,2,66
"188414",15,"1998",1,5,1,1,2,64
"188415",15,"1998",1,5,1,1,2,64
"188572",14,"1998",1,5,1,1,2,70
"188640",39,"1998",1,5,1,1,2,64
"188657",39,"1998",2,98,1,1,2,68
"188665",39,"1998",1,3,1,1,2,68
"188674",39,"1998",1,6,1,1,2,60
"188983",17,"1998",1,3,1,1,2,65
"188984",17,"1998",1,3,1,1,2,67
"189004",17,"1998",1,2,1,1,2,66
"189257",20,"1998",1,6,1,1,2,68
"189358",15,"1998",1,5,1,1,2,70
"189427",27,"1999",1,6,1,1,2,67
"189478",27,"1999",1,2,1,1,2,68
"189484",27,"1999",1,5,1,1,2,65
"189486",27,"1999",3,98,1,1,2,70
"189531",24,"1999",1,98,1,1,2,68
"189587",24,"1999",1,5,1,1,2,65
"189596",24,"1999",1,98,1,1,2,68
"189628",17,"1999",3,98,1,1,2,64
"189637",17,"1999",1,98,1,1,2,68
"189652",17,"1999",2,5,1,1,2,67
"189665",17,"1999",1,5,1,1,2,70
"189674",17,"1999",1,5,1,1,2,66
"189676",17,"1999",1,5,1,1,2,67
"189730",17,"1999",1,98,1,1,2,70
"189734",17,"1999",1,98,1,1,2,64
"189735",17,"1999",1,98,1,1,2,70
"189759",17,"1999",1,1,1,1,2,68
"189772",17,"1999",1,6,1,1,2,66
"189860",1,"1999",5,6,1,1,2,68
"189865",1,"1999",1,5,1,1,2,70
"189866",1,"1999",1,5,1,1,2,68
"189883",1,"1999",1,1,1,1,2,61
"189886",1,"1999",2,3,4,1,2,66
"189925",30,"1999",2,5,1,1,2,70
"189936",30,"1999",1,5,1,1,2,68
"189963",31,"1999",1,3,1,1,2,67
"189972",31,"1999",1,3,1,1,2,61
"190006",30,"1999",2,5,1,1,2,65
"190025",30,"1999",1,6,1,1,2,67
"190038",30,"1999",1,6,1,1,2,65
"190181",35,"1999",1,6,1,1,2,67
"190187",36,"1999",1,2,1,1,2,68
"190204",36,"1999",4,4,1,1,2,64
"190206",36,"1999",4,4,1,1,2,63
"190236",36,"1999",1,5,1,1,2,65
"190319",13,"1999",1,6,1,1,2,65
"190330",13,"1999",1,5,1,1,2,60
"190340",18,"1999",1,3,1,1,2,68
"190629",6,"1999",1,4,1,1,2,66
"191089",12,"1999",1,3,2,1,2,64
"191276",26,"1999",1,98,1,1,2,64
"191316",22,"1999",1,2,1,1,2,66
"191344",21,"1999",1,6,1,1,2,70
"191391",20,"1999",1,2,1,1,2,64
"191663",9,"1999",2,3,1,1,2,68
"191898",33,"1999",1,2,1,1,2,60
"191906",33,"1999",5,3,1,1,2,68
"191912",33,"1999",1,5,1,1,2,67
"191918",33,"1999",1,5,1,1,2,66
"191920",33,"1999",1,5,1,1,2,66
"192002",10,"1999",2,3,1,1,2,62
"192007",10,"1999",3,5,1,1,2,70
"192085",15,"1999",1,98,1,1,2,66
"192088",15,"1999",1,5,1,1,2,67
"192141",15,"1999",2,3,1,1,2,66
"192441",27,"1999",1,6,1,1,2,70
"192446",27,"1999",2,5,1,1,2,65
"192481",24,"1999",1,5,1,1,2,68
"192557",17,"1999",1,98,1,1,2,64
"192583",17,"1999",1,98,1,1,2,70
"192609",17,"1999",2,1,1,1,2,64
"192653",17,"1999",1,6,1,1,2,70
"192678",17,"1999",1,2,1,1,2,64
"192698",17,"1999",2,2,1,1,2,64
"192708",17,"1999",1,6,4,1,2,65
"192719",17,"1999",1,5,1,1,2,65
"192723",17,"1999",1,3,1,1,2,70
"192805",30,"1999",1,3,1,1,2,66
"192806",30,"1999",1,3,1,1,2,65
"192828",31,"1999",2,2,1,1,2,70
"192848",31,"1999",1,6,1,1,2,70
"192887",30,"1999",1,4,1,1,2,65
"192923",34,"1999",1,98,1,1,2,68
"192928",34,"1999",1,3,4,1,2,70
"193148",18,"1999",1,3,1,1,2,65
"193338",6,"1999",1,3,1,1,2,68
"193339",6,"1999",1,3,1,1,2,68
"193366",6,"1999",1,6,1,1,2,70
"193380",6,"1999",1,3,1,1,2,68
"193381",6,"1999",1,3,1,1,2,70
"193382",6,"1999",1,3,1,1,2,68
"193428",6,"1999",1,3,1,1,2,67
"193957",21,"1999",1,1,1,1,2,68
"193958",21,"1999",1,1,1,1,2,64
"193959",21,"1999",1,1,1,1,2,64
"193964",21,"1999",1,4,1,1,2,68
"193976",21,"1999",1,2,2,1,2,67
"194008",20,"1999",1,6,1,1,2,67
"194024",21,"1999",1,2,1,1,2,67
"194025",21,"1999",1,2,1,1,2,67
"194048",21,"1999",1,2,1,1,2,64
"194051",21,"1999",1,6,1,1,2,65
"194052",21,"1999",1,6,1,1,2,68
"194053",21,"1999",1,6,1,1,2,68
"194082",21,"1999",1,5,1,1,2,64
"194099",21,"1999",1,98,1,1,2,68
"194395",33,"1999",1,6,1,1,2,70
"194443",10,"1999",1,3,1,1,2,68
"194501",15,"1999",2,5,1,1,2,61
"194515",15,"1999",1,5,1,1,2,67
"194536",15,"1999",1,3,1,1,2,70
"194537",15,"1999",1,3,1,1,2,70
"194804",27,"2000",2,3,1,1,2,66
"194849",24,"2000",2,6,1,1,2,66
"194851",24,"2000",2,6,1,1,2,70
"194859",17,"2000",3,2,1,1,2,64
"194884",17,"2000",2,2,1,1,2,68
"194885",17,"2000",2,4,1,1,2,64
"194890",17,"2000",2,98,1,1,2,68
"194901",17,"2000",3,1,1,1,2,70
"194902",17,"2000",3,1,1,1,2,70
"194903",17,"2000",2,2,1,1,2,62
"194927",17,"2000",1,3,1,1,2,65
"194988",30,"2000",2,5,1,1,2,61
"195019",30,"2000",2,5,1,1,2,69
"195145",13,"2000",1,6,1,1,2,62
"195510",22,"2000",1,2,1,1,2,64
"195585",20,"2000",1,98,1,1,2,70
"195770",10,"2000",2,4,1,1,2,70
"195779",10,"2000",1,4,1,1,2,70
"195797",15,"2000",1,6,1,1,2,66
"195804",15,"2000",4,4,1,1,2,63
"195813",15,"2000",2,3,1,1,2,70
"195814",15,"2000",2,3,1,1,2,67
"195998",27,"2000",2,2,1,1,2,68
"195999",27,"2000",2,2,1,1,2,70
"196001",27,"2000",1,2,1,1,2,66
"196015",27,"2000",1,2,1,1,2,68
"196129",24,"2000",1,2,1,1,2,64
"196196",17,"2000",1,5,1,1,2,67
"196210",17,"2000",2,1,1,1,2,66
"196221",17,"2000",1,6,2,1,2,70
"196233",17,"2000",1,98,1,1,2,64
"196240",17,"2000",1,5,1,1,2,70
"196266",17,"2000",1,6,1,1,2,67
"196310",17,"2000",1,5,1,1,2,70
"196328",17,"2000",1,5,1,1,2,68
"196368",17,"2000",1,5,1,1,2,70
"196370",17,"2000",1,2,1,1,2,66
"196404",17,"2000",1,98,1,1,2,67
"196406",17,"2000",1,6,1,1,2,66
"196442",17,"2000",1,5,1,1,2,70
"196446",17,"2000",1,3,1,1,2,68
"196454",17,"2000",1,1,1,1,2,64
"196468",17,"2000",1,1,1,1,2,64
"196498",1,"2000",1,4,1,1,2,67
"196501",1,"2000",2,5,1,1,2,70
"196504",1,"2000",1,4,1,1,2,68
"196534",1,"2000",1,6,1,1,2,67
"196567",30,"2000",1,5,1,1,2,65
"196702",30,"2000",1,6,1,1,2,70
"196707",30,"2000",1,6,4,1,2,65
"196750",34,"2000",2,98,1,1,2,67
"196754",34,"2000",2,1,1,1,2,64
"196785",34,"2000",2,98,1,1,2,63
"197033",13,"2000",1,6,1,1,2,65
"197072",18,"2000",2,3,1,1,2,65
"197084",18,"2000",1,5,1,1,2,70
"197163",38,"2000",1,2,1,1,2,67
"197173",25,"2000",1,5,1,1,2,64
"197211",40,"2000",1,2,1,1,2,64
"197415",6,"2000",1,6,1,1,2,66
"197553",32,"2000",1,5,1,1,2,70
"197678",39,"2000",1,5,1,1,2,68
"198033",19,"2000",3,1,1,1,2,68
"198261",21,"2000",1,98,1,1,2,68
"198369",21,"2000",1,2,1,1,2,67
"198408",21,"2000",4,98,1,1,2,69
"198422",21,"2000",1,6,1,1,2,64
"198423",21,"2000",1,6,1,1,2,65
"198425",21,"2000",1,1,1,1,2,70
"198451",21,"2000",2,4,1,1,2,68
"198506",20,"2000",1,6,1,1,2,68
"199109",10,"2000",1,4,1,1,2,70
"199112",10,"2000",2,98,1,1,2,70
"199127",10,"2000",3,3,1,1,2,64
"199128",10,"2000",2,1,1,1,2,62
"199165",10,"2000",1,3,1,1,2,65
"199166",10,"2000",1,3,1,1,2,70
"199324",15,"2000",1,5,1,1,2,68
"199661",27,"2001",1,4,1,1,2,64
"199922",24,"2001",1,5,1,1,2,70
"199944",17,"2001",2,6,1,1,2,70
"199958",17,"2001",1,5,1,1,2,70
"199965",17,"2001",1,98,1,1,2,65
"199966",17,"2001",1,3,1,1,2,65
"199974",17,"2001",1,6,1,1,2,64
"199975",17,"2001",1,6,1,1,2,64
"199976",17,"2001",1,6,1,1,2,70
"199977",17,"2001",1,6,1,1,2,70
"199978",17,"2001",1,6,1,1,2,70
"199979",17,"2001",1,6,1,1,2,68
"200021",17,"2001",2,98,1,1,2,66
"200034",17,"2001",1,5,1,1,2,68
"200035",17,"2001",1,5,1,1,2,70
"200059",17,"2001",1,98,1,1,2,64
"200065",17,"2001",1,6,1,1,2,70
"200068",17,"2001",1,2,1,1,2,64
"200109",17,"2001",1,1,1,1,2,68
"200121",17,"2001",1,98,1,1,2,70
"200153",17,"2001",2,2,1,1,2,64
"200200",17,"2001",1,1,1,1,2,65
"200266",1,"2001",2,98,1,1,2,68
"200273",1,"2001",1,6,1,1,2,67
"200305",30,"2001",1,98,1,1,2,66
"200340",30,"2001",2,5,1,1,2,64
"200384",31,"2001",1,6,1,1,2,70
"200394",31,"2001",1,5,1,1,2,70
"200608",35,"2001",2,5,1,1,2,70
"200673",36,"2001",1,6,1,1,2,70
"200703",36,"2001",1,5,1,1,2,70
"200739",11,"2001",1,3,1,1,2,70
"200762",11,"2001",1,5,1,1,2,70
"200780",11,"2001",1,2,1,1,2,64
"200851",39,"2001",1,5,1,1,2,64
"201215",6,"2001",1,4,1,1,2,68
"201279",6,"2001",1,98,1,1,2,68
"201353",6,"2001",2,5,1,1,2,65
"201563",39,"2001",1,6,4,1,2,70
"201971",19,"2001",1,98,1,1,2,68
"201972",19,"2001",1,98,1,1,2,68
"201973",19,"2001",1,98,1,1,2,68
"202163",21,"2001",1,3,1,1,2,68
"202194",21,"2001",1,98,1,1,2,70
"202249",21,"2001",1,2,1,1,2,67
"202851",33,"2001",1,2,1,1,2,68
"202852",33,"2001",1,2,1,1,2,68
"202856",33,"2001",1,1,1,1,2,62
"203075",15,"2001",1,98,1,1,2,64
"203097",15,"2001",4,98,1,1,2,60
"203107",15,"2001",2,5,1,1,2,68
"203117",15,"2001",2,98,1,1,2,64
"203144",15,"2001",2,3,1,1,2,64
"203215",15,"2001",4,98,1,1,2,70
"203228",15,"2001",1,6,1,1,2,64
"203239",15,"2001",1,98,1,1,2,70
"203244",14,"2001",1,3,1,1,2,70
"203337",39,"2001",2,98,1,1,2,64
"203348",39,"2001",1,6,1,1,2,66
"203461",37,"2001",3,98,1,1,2,68
"203470",37,"2001",2,6,1,1,2,68
"203527",37,"2001",1,5,1,1,2,65
"203528",37,"2001",1,5,1,1,2,68
"203581",27,"2001",1,3,2,1,2,64
"203582",27,"2001",1,3,2,1,2,67
"203593",24,"2001",2,6,2,1,2,70
"203594",24,"2001",2,6,2,1,2,70
"203595",24,"2001",2,6,2,1,2,64
"203626",17,"2001",1,98,1,1,2,70
"203648",30,"2001",1,5,1,1,2,70
"203658",30,"2001",1,2,1,1,2,68
"203858",21,"2001",1,2,1,1,2,70
"203916",29,"2001",1,6,1,1,2,65
"203917",29,"2001",1,6,1,1,2,68
"203918",29,"2001",1,6,1,1,2,70
"203983",15,"2001",1,6,1,1,2,65
"204009",39,"2001",2,1,1,1,2,67
"204047",27,"2002",1,6,1,1,2,67
"204116",27,"2002",4,1,1,1,2,68
"204131",27,"2002",1,98,1,1,2,68
"204178",24,"2002",1,6,1,1,2,67
"204303",17,"2002",1,5,1,1,2,68
"204305",17,"2002",1,5,1,1,2,65
"204325",17,"2002",1,98,1,1,2,70
"204350",17,"2002",1,98,1,1,2,65
"204351",17,"2002",1,98,1,1,2,65
"204412",17,"2002",2,98,1,1,2,68
"204414",17,"2002",2,98,1,1,2,68
"204419",17,"2002",2,98,1,1,2,60
"204430",17,"2002",1,98,1,1,2,68
"204432",17,"2002",1,98,1,1,2,62
"204489",30,"2002",1,98,1,1,2,70
"204490",30,"2002",1,98,1,1,2,65
"204561",31,"2002",1,5,1,1,2,68
"204588",30,"2002",1,6,1,1,2,70
"204682",35,"2002",1,98,1,1,2,70
"204725",36,"2002",2,5,1,1,2,65
"204726",36,"2002",2,5,1,1,2,65
"204904",18,"2002",1,5,1,1,2,63
"205123",6,"2002",1,98,1,1,2,68
"205250",16,"2002",1,6,1,1,2,67
"205308",39,"2002",2,6,1,1,2,66
"205642",22,"2002",1,5,1,1,2,64
"205653",22,"2002",2,5,1,1,2,70
"205656",22,"2002",1,6,1,1,2,64
"206166",15,"2002",1,5,1,1,2,68
"206274",14,"2002",4,5,1,1,2,70
"206436",27,"2002",1,98,1,1,2,65
"206446",27,"2002",1,5,1,1,2,66
"206497",27,"2002",1,5,1,1,2,70
"206505",27,"2002",1,5,1,1,2,68
"206570",24,"2002",2,6,2,1,2,66
"206574",24,"2002",1,6,1,1,2,67
"206594",17,"2002",2,98,1,1,2,65
"206619",17,"2002",1,3,1,1,2,70
"206620",17,"2002",1,3,1,1,2,68
"206705",17,"2002",2,5,1,1,2,64
"206728",17,"2002",2,2,1,1,2,66
"206731",17,"2002",1,98,1,1,2,70
"206786",30,"2002",1,5,1,1,2,65
"206838",30,"2002",1,6,1,1,2,67
"206887",35,"2002",1,3,1,1,2,63
"206932",36,"2002",1,6,1,1,2,64
"206971",11,"2002",1,6,1,1,2,67
"207158",6,"2002",1,98,1,1,2,64
"207166",6,"2002",1,6,1,1,2,67
"207333",39,"2002",1,5,1,1,2,68
"207436",12,"2002",1,5,1,1,2,68
"207437",12,"2002",1,5,1,1,2,61
"207575",22,"2002",2,5,1,1,2,70
"207576",22,"2002",2,5,1,1,2,70
"207577",22,"2002",2,5,1,1,2,70
"207588",21,"2002",1,98,1,1,2,67
"207604",21,"2002",1,5,1,1,2,67
"207629",21,"2002",1,5,1,1,2,68
"207640",21,"2002",1,98,1,1,2,68
"207664",20,"2002",1,98,1,1,2,70
"207849",26,"2002",1,98,1,1,2,70
"207868",33,"2002",1,5,2,1,2,70
"207995",15,"2002",1,5,1,1,2,64
"207996",15,"2002",1,5,1,1,2,68
"208012",15,"2002",1,5,1,1,2,66
"208026",15,"2002",1,3,1,1,2,70
"208059",39,"2002",1,5,1,1,2,70
